model	language	task	perturbation	probing_location	dev_acc	test_acc
mBERT	Afrikaans	number_noun	mBERT-r2l	first	82.5	75.0
mBERT	Afrikaans	number_noun	mBERT-r2l	last	93.5	96.0
mBERT	Albanian	case_noun	mBERT-r2l	first	67.0	65.0
mBERT	Albanian	case_noun	mBERT-r2l	last	62.5	60.5
mBERT	Albanian	case_propn	mBERT-r2l	first	79.60199004975125	80.5
mBERT	Albanian	case_propn	mBERT-r2l	last	85.57213930348259	79.5
mBERT	Albanian	definite_noun	mBERT-r2l	first	87.5	86.5
mBERT	Albanian	definite_noun	mBERT-r2l	last	87.0	89.0
mBERT	Albanian	gender_noun	mBERT-r2l	first	77.0	74.0
mBERT	Albanian	gender_noun	mBERT-r2l	last	88.0	87.0
mBERT	Albanian	gender_propn	mBERT-r2l	first	86.5	65.5
mBERT	Albanian	gender_propn	mBERT-r2l	last	88.5	81.0
mBERT	Albanian	number_noun	mBERT-r2l	first	85.5	90.0
mBERT	Albanian	number_noun	mBERT-r2l	last	91.5	89.5
mBERT	Albanian	number_verb	mBERT-r2l	first	74.0	71.0
mBERT	Albanian	number_verb	mBERT-r2l	last	90.5	91.0
mBERT	Arabic	aspect_verb	mBERT-r2l	first	94.5	94.5
mBERT	Arabic	aspect_verb	mBERT-r2l	last	83.0	85.5
mBERT	Arabic	case_adj	mBERT-r2l	first	67.16417910447761	56.71641791044776
mBERT	Arabic	case_adj	mBERT-r2l	last	64.17910447761194	58.70646766169154
mBERT	Arabic	case_noun	mBERT-r2l	first	69.15422885572139	62.189054726368155
mBERT	Arabic	case_noun	mBERT-r2l	last	63.18407960199005	57.711442786069654
mBERT	Arabic	definite_noun	mBERT-r2l	first	81.59203980099502	77.61194029850746
mBERT	Arabic	definite_noun	mBERT-r2l	last	82.08955223880598	81.59203980099502
mBERT	Arabic	gender_adj	mBERT-r2l	first	97.5	97.5
mBERT	Arabic	gender_adj	mBERT-r2l	last	99.5	97.5
mBERT	Arabic	gender_verb	mBERT-r2l	first	94.0	87.0
mBERT	Arabic	gender_verb	mBERT-r2l	last	91.5	89.5
mBERT	Armenian	animacy_noun	mBERT-r2l	first	82.5	69.5
mBERT	Armenian	animacy_noun	mBERT-r2l	last	85.5	78.0
mBERT	Armenian	definite_noun	mBERT-r2l	first	93.5	93.5
mBERT	Armenian	definite_noun	mBERT-r2l	last	99.5	99.0
mBERT	Armenian	subcat_verb	mBERT-r2l	first	72.0	69.5
mBERT	Armenian	subcat_verb	mBERT-r2l	last	79.5	69.5
mBERT	Basque	case_noun	mBERT-r2l	first	77.03349282296651	72.24880382775119
mBERT	Basque	case_noun	mBERT-r2l	last	91.38755980861244	93.30143540669856
mBERT	Basque	definite_noun	mBERT-r2l	first	78.0	74.0
mBERT	Basque	definite_noun	mBERT-r2l	last	88.5	87.5
mBERT	Basque	number_noun	mBERT-r2l	first	82.5	86.5
mBERT	Basque	number_noun	mBERT-r2l	last	90.5	92.0
mBERT	Bulgarian	aspect_verb	mBERT-r2l	first	81.0	76.5
mBERT	Bulgarian	aspect_verb	mBERT-r2l	last	80.0	78.5
mBERT	Bulgarian	definite_adj	mBERT-r2l	first	99.0	96.5
mBERT	Bulgarian	definite_adj	mBERT-r2l	last	99.5	99.5
mBERT	Bulgarian	definite_noun	mBERT-r2l	first	96.5	93.0
mBERT	Bulgarian	definite_noun	mBERT-r2l	last	97.0	93.5
mBERT	Bulgarian	gender_adj	mBERT-r2l	first	89.05472636815921	91.54228855721394
mBERT	Bulgarian	gender_adj	mBERT-r2l	last	100.0	100.0
mBERT	Bulgarian	gender_noun	mBERT-r2l	first	77.61194029850746	77.11442786069652
mBERT	Bulgarian	gender_noun	mBERT-r2l	last	89.05472636815921	89.05472636815921
mBERT	Bulgarian	number_adj	mBERT-r2l	first	97.0	98.0
mBERT	Bulgarian	number_adj	mBERT-r2l	last	99.5	98.0
mBERT	Bulgarian	number_verb	mBERT-r2l	first	89.0	87.5
mBERT	Bulgarian	number_verb	mBERT-r2l	last	98.5	99.0
mBERT	Bulgarian	person_verb	mBERT-r2l	first	76.0	74.6268656716418
mBERT	Bulgarian	person_verb	mBERT-r2l	last	93.0	95.02487562189056
mBERT	Bulgarian	tense_verb	mBERT-r2l	first	76.5	66.16915422885572
mBERT	Bulgarian	tense_verb	mBERT-r2l	last	84.5	82.58706467661692
mBERT	Bulgarian	verbform_verb	mBERT-r2l	first	94.0	91.0
mBERT	Bulgarian	verbform_verb	mBERT-r2l	last	98.0	97.5
mBERT	Bulgarian	voice_verb	mBERT-r2l	first	95.0	93.5
mBERT	Bulgarian	voice_verb	mBERT-r2l	last	97.0	99.0
mBERT	Catalan	gender_adj	mBERT-r2l	first	97.5	97.0
mBERT	Catalan	gender_adj	mBERT-r2l	last	100.0	99.5
mBERT	Catalan	gender_noun	mBERT-r2l	first	92.0	92.0
mBERT	Catalan	gender_noun	mBERT-r2l	last	94.0	91.0
mBERT	Catalan	mood_verb	mBERT-r2l	first	89.5	82.5
mBERT	Catalan	mood_verb	mBERT-r2l	last	99.0	98.0
mBERT	Catalan	number_adj	mBERT-r2l	first	99.0	98.0
mBERT	Catalan	number_adj	mBERT-r2l	last	100.0	99.5
mBERT	Catalan	number_noun	mBERT-r2l	first	98.5	97.5
mBERT	Catalan	number_noun	mBERT-r2l	last	98.5	98.0
mBERT	Catalan	number_verb	mBERT-r2l	first	87.5	82.5
mBERT	Catalan	number_verb	mBERT-r2l	last	100.0	99.0
mBERT	Catalan	tense_verb	mBERT-r2l	first	78.0	80.5
mBERT	Catalan	tense_verb	mBERT-r2l	last	96.5	94.5
mBERT	Catalan	verbform_verb	mBERT-r2l	first	96.03960396039604	93.06930693069309
mBERT	Catalan	verbform_verb	mBERT-r2l	last	99.5049504950495	99.009900990099
mBERT	Croatian	case_adj	mBERT-r2l	first	74.5	70.79207920792079
mBERT	Croatian	case_adj	mBERT-r2l	last	77.0	72.77227722772277
mBERT	Croatian	case_noun	mBERT-r2l	first	70.93596059113301	74.01960784313727
mBERT	Croatian	case_noun	mBERT-r2l	last	66.50246305418719	66.17647058823529
mBERT	Croatian	definite_adj	mBERT-r2l	first	90.5	90.5
mBERT	Croatian	definite_adj	mBERT-r2l	last	98.5	97.5
mBERT	Croatian	gender_adj	mBERT-r2l	first	66.66666666666666	61.69154228855721
mBERT	Croatian	gender_adj	mBERT-r2l	last	80.59701492537313	75.62189054726367
mBERT	Croatian	gender_noun	mBERT-r2l	first	75.12437810945273	67.66169154228857
mBERT	Croatian	gender_noun	mBERT-r2l	last	82.58706467661692	84.5771144278607
mBERT	Croatian	number_adj	mBERT-r2l	first	83.5	91.0
mBERT	Croatian	number_adj	mBERT-r2l	last	90.0	90.5
mBERT	Croatian	number_noun	mBERT-r2l	first	85.0	88.0
mBERT	Croatian	number_noun	mBERT-r2l	last	91.0	87.5
mBERT	Croatian	number_verb	mBERT-r2l	first	89.5	87.5
mBERT	Croatian	number_verb	mBERT-r2l	last	97.5	96.5
mBERT	Croatian	tense_verb	mBERT-r2l	first	91.0	92.0
mBERT	Croatian	tense_verb	mBERT-r2l	last	99.5	99.5
mBERT	Croatian	verbform_verb	mBERT-r2l	first	91.04477611940298	90.54726368159204
mBERT	Croatian	verbform_verb	mBERT-r2l	last	99.00497512437812	99.50248756218906
mBERT	Czech	animacy_adj	mBERT-r2l	first	72.5	72.5
mBERT	Czech	animacy_adj	mBERT-r2l	last	82.0	78.5
mBERT	Czech	animacy_noun	mBERT-r2l	first	80.0	69.0
mBERT	Czech	animacy_noun	mBERT-r2l	last	85.0	75.0
mBERT	Czech	animacy_propn	mBERT-r2l	first	78.5	77.5
mBERT	Czech	animacy_propn	mBERT-r2l	last	79.5	79.5
mBERT	Czech	animacy_verb	mBERT-r2l	first	91.0	90.5
mBERT	Czech	animacy_verb	mBERT-r2l	last	93.5	95.5
mBERT	Czech	aspect_adj	mBERT-r2l	first	85.5	88.5
mBERT	Czech	aspect_adj	mBERT-r2l	last	90.0	91.0
mBERT	Czech	aspect_verb	mBERT-r2l	first	78.0	73.0
mBERT	Czech	aspect_verb	mBERT-r2l	last	81.5	83.5
mBERT	Czech	case_adj	mBERT-r2l	first	75.0	72.05882352941177
mBERT	Czech	case_adj	mBERT-r2l	last	81.37254901960785	75.49019607843137
mBERT	Czech	case_propn	mBERT-r2l	first	76.47058823529412	70.58823529411765
mBERT	Czech	case_propn	mBERT-r2l	last	71.07843137254902	67.15686274509804
mBERT	Czech	degree_adj	mBERT-r2l	first	99.5	97.5
mBERT	Czech	degree_adj	mBERT-r2l	last	89.0	91.5
mBERT	Czech	gender_adj	mBERT-r2l	first	62.68656716417911	59.20398009950249
mBERT	Czech	gender_adj	mBERT-r2l	last	68.65671641791045	65.67164179104478
mBERT	Czech	gender_noun	mBERT-r2l	first	66.66666666666666	62.68656716417911
mBERT	Czech	gender_noun	mBERT-r2l	last	79.1044776119403	74.6268656716418
mBERT	Czech	gender_propn	mBERT-r2l	first	69.65174129353234	66.66666666666666
mBERT	Czech	gender_propn	mBERT-r2l	last	69.65174129353234	71.14427860696517
mBERT	Czech	gender_verb	mBERT-r2l	first	87.06467661691542	82.58706467661692
mBERT	Czech	gender_verb	mBERT-r2l	last	90.04975124378109	82.58706467661692
mBERT	Czech	mood_verb	mBERT-r2l	first	84.5	71.0
mBERT	Czech	mood_verb	mBERT-r2l	last	99.5	96.0
mBERT	Czech	nametype_propn	mBERT-r2l	first	53.20197044334976	44.5
mBERT	Czech	nametype_propn	mBERT-r2l	last	44.827586206896555	41.5
mBERT	Czech	number_adj	mBERT-r2l	first	83.5	88.5
mBERT	Czech	number_adj	mBERT-r2l	last	86.5	89.0
mBERT	Czech	number_noun	mBERT-r2l	first	87.5	82.0
mBERT	Czech	number_noun	mBERT-r2l	last	89.0	86.0
mBERT	Czech	number_propn	mBERT-r2l	first	84.0	86.0
mBERT	Czech	number_propn	mBERT-r2l	last	90.0	89.0
mBERT	Czech	number_verb	mBERT-r2l	first	85.0	81.5
mBERT	Czech	number_verb	mBERT-r2l	last	94.5	91.0
mBERT	Czech	person_verb	mBERT-r2l	first	89.55223880597015	85.57213930348259
mBERT	Czech	person_verb	mBERT-r2l	last	100.0	97.01492537313432
mBERT	Czech	polarity_adj	mBERT-r2l	first	99.5	95.0
mBERT	Czech	polarity_adj	mBERT-r2l	last	84.5	78.5
mBERT	Czech	polarity_verb	mBERT-r2l	first	99.0	98.5
mBERT	Czech	polarity_verb	mBERT-r2l	last	79.0	80.0
mBERT	Czech	voice_adj	mBERT-r2l	first	99.5	99.0
mBERT	Czech	voice_adj	mBERT-r2l	last	100.0	100.0
mBERT	Danish	definite_noun	mBERT-r2l	first	95.5	90.5
mBERT	Danish	definite_noun	mBERT-r2l	last	99.0	98.0
mBERT	Danish	gender_noun	mBERT-r2l	first	70.5	74.5
mBERT	Danish	gender_noun	mBERT-r2l	last	89.5	79.0
mBERT	Danish	number_noun	mBERT-r2l	first	81.5	82.0
mBERT	Danish	number_noun	mBERT-r2l	last	88.5	86.0
mBERT	Danish	tense_verb	mBERT-r2l	first	87.5	87.5
mBERT	Danish	tense_verb	mBERT-r2l	last	100.0	98.0
mBERT	Danish	verbform_verb	mBERT-r2l	first	80.59701492537313	76.11940298507463
mBERT	Danish	verbform_verb	mBERT-r2l	last	87.56218905472637	91.54228855721394
mBERT	Dutch	gender_noun	mBERT-r2l	first	79.0	78.5
mBERT	Dutch	gender_noun	mBERT-r2l	last	85.0	82.5
mBERT	Dutch	gender_propn	mBERT-r2l	first	72.0	67.0
mBERT	Dutch	gender_propn	mBERT-r2l	last	66.0	61.5
mBERT	Dutch	number_noun	mBERT-r2l	first	95.5	92.0
mBERT	Dutch	number_noun	mBERT-r2l	last	98.5	98.0
mBERT	Dutch	verbform_verb	mBERT-r2l	first	83.08457711442786	84.07960199004975
mBERT	Dutch	verbform_verb	mBERT-r2l	last	85.57213930348259	79.60199004975125
mBERT	English	number_noun	mBERT-r2l	first	93.0	94.5
mBERT	English	number_noun	mBERT-r2l	last	95.5	97.0
mBERT	English	tense_verb	mBERT-r2l	first	92.5	90.0
mBERT	English	tense_verb	mBERT-r2l	last	98.5	98.0
mBERT	English	verbform_verb	mBERT-r2l	first	71.5	73.5
mBERT	English	verbform_verb	mBERT-r2l	last	72.5	75.5
mBERT	Estonian	case_adj	mBERT-r2l	first	78.5	79.0
mBERT	Estonian	case_adj	mBERT-r2l	last	98.0	95.0
mBERT	Estonian	case_noun	mBERT-r2l	first	55.714285714285715	61.42857142857143
mBERT	Estonian	case_noun	mBERT-r2l	last	90.95238095238096	88.57142857142857
mBERT	Estonian	number_adj	mBERT-r2l	first	89.0	91.5
mBERT	Estonian	number_adj	mBERT-r2l	last	97.0	98.0
mBERT	Estonian	number_noun	mBERT-r2l	first	89.0	89.5
mBERT	Estonian	number_noun	mBERT-r2l	last	95.5	96.0
mBERT	Estonian	number_verb	mBERT-r2l	first	89.5	86.0
mBERT	Estonian	number_verb	mBERT-r2l	last	99.0	99.0
mBERT	Estonian	person_verb	mBERT-r2l	first	80.09950248756219	83.0
mBERT	Estonian	person_verb	mBERT-r2l	last	98.00995024875621	97.0
mBERT	Estonian	tense_adj	mBERT-r2l	first	93.5	93.5
mBERT	Estonian	tense_adj	mBERT-r2l	last	99.5	98.0
mBERT	Estonian	tense_verb	mBERT-r2l	first	77.5	78.0
mBERT	Estonian	tense_verb	mBERT-r2l	last	97.0	93.5
mBERT	Estonian	verbform_verb	mBERT-r2l	first	85.5	87.12871287128714
mBERT	Estonian	verbform_verb	mBERT-r2l	last	97.0	98.51485148514853
mBERT	Estonian	voice_adj	mBERT-r2l	first	88.5	88.0
mBERT	Estonian	voice_adj	mBERT-r2l	last	98.5	96.5
mBERT	Estonian	voice_verb	mBERT-r2l	first	82.5	83.0
mBERT	Estonian	voice_verb	mBERT-r2l	last	96.0	95.5
mBERT	Finnish	case_adj	mBERT-r2l	first	84.13461538461539	77.03349282296651
mBERT	Finnish	case_adj	mBERT-r2l	last	96.15384615384616	95.69377990430623
mBERT	Finnish	case_noun	mBERT-r2l	first	72.46376811594203	65.17412935323384
mBERT	Finnish	case_noun	mBERT-r2l	last	94.68599033816425	92.53731343283582
mBERT	Finnish	case_propn	mBERT-r2l	first	80.6930693069307	81.0
mBERT	Finnish	case_propn	mBERT-r2l	last	95.54455445544554	96.5
mBERT	Finnish	case_verb	mBERT-r2l	first	80.0	73.80952380952381
mBERT	Finnish	case_verb	mBERT-r2l	last	95.71428571428572	94.76190476190476
mBERT	Finnish	degree_adj	mBERT-r2l	first	78.5	70.64676616915423
mBERT	Finnish	degree_adj	mBERT-r2l	last	91.0	87.56218905472637
mBERT	Finnish	derivation_adj	mBERT-r2l	first	65.5	64.0
mBERT	Finnish	derivation_adj	mBERT-r2l	last	93.0	93.5
mBERT	Finnish	derivation_noun	mBERT-r2l	first	84.15841584158416	78.5
mBERT	Finnish	derivation_noun	mBERT-r2l	last	96.03960396039604	96.0
mBERT	Finnish	infform_verb	mBERT-r2l	first	87.0	79.60199004975125
mBERT	Finnish	infform_verb	mBERT-r2l	last	100.0	98.00995024875621
mBERT	Finnish	mood_verb	mBERT-r2l	first	72.636815920398	74.12935323383084
mBERT	Finnish	mood_verb	mBERT-r2l	last	91.04477611940298	90.04975124378109
mBERT	Finnish	number_adj	mBERT-r2l	first	95.0	92.0
mBERT	Finnish	number_adj	mBERT-r2l	last	96.5	97.5
mBERT	Finnish	number_noun	mBERT-r2l	first	86.5	91.0
mBERT	Finnish	number_noun	mBERT-r2l	last	93.0	91.5
mBERT	Finnish	number_verb	mBERT-r2l	first	87.5	89.0
mBERT	Finnish	number_verb	mBERT-r2l	last	95.5	94.0
mBERT	Finnish	partform_verb	mBERT-r2l	first	84.5771144278607	84.07960199004975
mBERT	Finnish	partform_verb	mBERT-r2l	last	98.00995024875621	98.50746268656717
mBERT	Finnish	tense_verb	mBERT-r2l	first	84.5	78.0
mBERT	Finnish	tense_verb	mBERT-r2l	last	95.0	94.0
mBERT	Finnish	verbform_verb	mBERT-r2l	first	81.09452736318407	73.6318407960199
mBERT	Finnish	verbform_verb	mBERT-r2l	last	93.03482587064677	91.04477611940298
mBERT	Finnish	voice_verb	mBERT-r2l	first	82.5	73.0
mBERT	Finnish	voice_verb	mBERT-r2l	last	95.0	91.0
mBERT	French	gender_adj	mBERT-r2l	first	85.0	87.0
mBERT	French	gender_adj	mBERT-r2l	last	88.0	89.0
mBERT	French	gender_noun	mBERT-r2l	first	82.5	84.0
mBERT	French	gender_noun	mBERT-r2l	last	87.5	87.5
mBERT	French	gender_verb	mBERT-r2l	first	94.5	95.0
mBERT	French	gender_verb	mBERT-r2l	last	100.0	100.0
mBERT	French	number_adj	mBERT-r2l	first	99.0	98.5
mBERT	French	number_adj	mBERT-r2l	last	99.5	96.5
mBERT	French	number_noun	mBERT-r2l	first	97.0	97.5
mBERT	French	number_noun	mBERT-r2l	last	95.0	98.0
mBERT	French	number_verb	mBERT-r2l	first	92.0	91.5
mBERT	French	number_verb	mBERT-r2l	last	100.0	98.5
mBERT	French	tense_verb	mBERT-r2l	first	75.0	68.8118811881188
mBERT	French	tense_verb	mBERT-r2l	last	93.0	88.61386138613861
mBERT	French	verbform_verb	mBERT-r2l	first	90.04975124378109	80.09950248756219
mBERT	French	verbform_verb	mBERT-r2l	last	96.01990049751244	98.00995024875621
mBERT	German	case_adj	mBERT-r2l	first	66.5	64.5
mBERT	German	case_adj	mBERT-r2l	last	62.5	53.5
mBERT	German	case_noun	mBERT-r2l	first	67.0	56.00000000000001
mBERT	German	case_noun	mBERT-r2l	last	52.0	42.5
mBERT	German	case_propn	mBERT-r2l	first	57.49999999999999	56.00000000000001
mBERT	German	case_propn	mBERT-r2l	last	48.5	54.0
mBERT	German	gender_adj	mBERT-r2l	first	56.99999999999999	55.223880597014926
mBERT	German	gender_adj	mBERT-r2l	last	57.99999999999999	56.71641791044776
mBERT	German	gender_noun	mBERT-r2l	first	68.1592039800995	66.66666666666666
mBERT	German	gender_noun	mBERT-r2l	last	78.60696517412936	71.14427860696517
mBERT	German	gender_propn	mBERT-r2l	first	68.0	60.69651741293532
mBERT	German	gender_propn	mBERT-r2l	last	58.5	53.73134328358209
mBERT	German	number_adj	mBERT-r2l	first	80.0	71.5
mBERT	German	number_adj	mBERT-r2l	last	84.0	82.5
mBERT	German	number_noun	mBERT-r2l	first	87.0	83.5
mBERT	German	number_noun	mBERT-r2l	last	89.5	83.5
mBERT	German	number_verb	mBERT-r2l	first	93.0	96.5
mBERT	German	number_verb	mBERT-r2l	last	97.5	100.0
mBERT	German	tense_verb	mBERT-r2l	first	79.5	69.5
mBERT	German	tense_verb	mBERT-r2l	last	89.5	83.0
mBERT	German	verbform_verb	mBERT-r2l	first	82.0	78.1094527363184
mBERT	German	verbform_verb	mBERT-r2l	last	88.5	84.07960199004975
mBERT	Greek	aspect_verb	mBERT-r2l	first	81.0	75.0
mBERT	Greek	aspect_verb	mBERT-r2l	last	95.0	89.0
mBERT	Greek	case_noun	mBERT-r2l	first	86.06965174129353	81.59203980099502
mBERT	Greek	case_noun	mBERT-r2l	last	83.5820895522388	81.09452736318407
mBERT	Greek	gender_noun	mBERT-r2l	first	77.61194029850746	78.1094527363184
mBERT	Greek	gender_noun	mBERT-r2l	last	83.08457711442786	83.5820895522388
mBERT	Greek	number_noun	mBERT-r2l	first	97.5	97.0
mBERT	Greek	number_noun	mBERT-r2l	last	97.0	96.5
mBERT	Greek	voice_verb	mBERT-r2l	first	90.5	92.5
mBERT	Greek	voice_verb	mBERT-r2l	last	97.0	96.5
mBERT	Hebrew	gender_noun	mBERT-r2l	first	94.0	86.5
mBERT	Hebrew	gender_noun	mBERT-r2l	last	94.5	94.0
mBERT	Hebrew	gender_verb	mBERT-r2l	first	84.0	75.0
mBERT	Hebrew	gender_verb	mBERT-r2l	last	83.5	72.0
mBERT	Hebrew	hebbinyan_verb	mBERT-r2l	first	66.16915422885572	62.06896551724138
mBERT	Hebrew	hebbinyan_verb	mBERT-r2l	last	68.1592039800995	60.09852216748769
mBERT	Hebrew	number_noun	mBERT-r2l	first	95.0	97.0
mBERT	Hebrew	number_noun	mBERT-r2l	last	97.5	96.5
mBERT	Hebrew	number_verb	mBERT-r2l	first	90.5	95.0
mBERT	Hebrew	number_verb	mBERT-r2l	last	97.5	98.0
mBERT	Hindi	case_adj	mBERT-r2l	first	78.5	73.5
mBERT	Hindi	case_adj	mBERT-r2l	last	77.0	74.5
mBERT	Hindi	case_noun	mBERT-r2l	first	76.0	72.5
mBERT	Hindi	case_noun	mBERT-r2l	last	91.0	82.0
mBERT	Hindi	case_propn	mBERT-r2l	first	69.5	64.5
mBERT	Hindi	case_propn	mBERT-r2l	last	93.0	84.5
mBERT	Hindi	gender_noun	mBERT-r2l	first	78.0	74.5
mBERT	Hindi	gender_noun	mBERT-r2l	last	80.5	79.5
mBERT	Hindi	gender_propn	mBERT-r2l	first	63.5	51.5
mBERT	Hindi	gender_propn	mBERT-r2l	last	71.0	65.5
mBERT	Hindi	number_noun	mBERT-r2l	first	87.0	83.5
mBERT	Hindi	number_noun	mBERT-r2l	last	87.5	88.5
mBERT	Hungarian	number[psor]_noun	mBERT-r2l	first	96.0	90.5
mBERT	Hungarian	number[psor]_noun	mBERT-r2l	last	98.0	94.0
mBERT	Hungarian	number_noun	mBERT-r2l	first	95.5	94.0
mBERT	Hungarian	number_noun	mBERT-r2l	last	96.0	94.5
mBERT	Hungarian	person[psor]_noun	mBERT-r2l	first	95.0	90.0
mBERT	Hungarian	person[psor]_noun	mBERT-r2l	last	95.5	92.5
mBERT	Italian	gender_adj	mBERT-r2l	first	95.5	88.5
mBERT	Italian	gender_adj	mBERT-r2l	last	100.0	90.5
mBERT	Italian	gender_noun	mBERT-r2l	first	91.5	89.5
mBERT	Italian	gender_noun	mBERT-r2l	last	91.0	90.5
mBERT	Italian	number_adj	mBERT-r2l	first	92.0	93.5
mBERT	Italian	number_adj	mBERT-r2l	last	97.0	95.0
mBERT	Italian	number_noun	mBERT-r2l	first	93.0	88.5
mBERT	Italian	number_noun	mBERT-r2l	last	96.5	94.0
mBERT	Italian	number_verb	mBERT-r2l	first	83.0	89.0
mBERT	Italian	number_verb	mBERT-r2l	last	95.5	96.5
mBERT	Italian	person_verb	mBERT-r2l	first	81.5	77.5
mBERT	Italian	person_verb	mBERT-r2l	last	92.5	88.0
mBERT	Italian	tense_verb	mBERT-r2l	first	73.5	66.5
mBERT	Italian	tense_verb	mBERT-r2l	last	94.0	87.0
mBERT	Italian	verbform_verb	mBERT-r2l	first	87.5	86.5
mBERT	Italian	verbform_verb	mBERT-r2l	last	93.5	95.0
mBERT	Latin	aspect_verb	mBERT-r2l	first	87.0	76.5
mBERT	Latin	aspect_verb	mBERT-r2l	last	99.5	99.0
mBERT	Latin	case_verb	mBERT-r2l	first	58.2089552238806	54.45544554455446
mBERT	Latin	case_verb	mBERT-r2l	last	83.08457711442786	82.17821782178217
mBERT	Latin	gender_adj	mBERT-r2l	first	61.19402985074627	57.711442786069654
mBERT	Latin	gender_adj	mBERT-r2l	last	69.65174129353234	70.1492537313433
mBERT	Latin	gender_noun	mBERT-r2l	first	67.66169154228857	55.72139303482587
mBERT	Latin	gender_noun	mBERT-r2l	last	75.62189054726367	73.13432835820896
mBERT	Latin	gender_verb	mBERT-r2l	first	66.66666666666666	58.70646766169154
mBERT	Latin	gender_verb	mBERT-r2l	last	74.6268656716418	72.636815920398
mBERT	Latin	mood_verb	mBERT-r2l	first	75.12437810945273	69.5
mBERT	Latin	mood_verb	mBERT-r2l	last	86.56716417910447	82.5
mBERT	Latin	number_adj	mBERT-r2l	first	83.5	78.5
mBERT	Latin	number_adj	mBERT-r2l	last	83.5	87.0
mBERT	Latin	number_noun	mBERT-r2l	first	81.0	72.0
mBERT	Latin	number_noun	mBERT-r2l	last	90.0	82.5
mBERT	Latin	number_verb	mBERT-r2l	first	82.5	71.5
mBERT	Latin	number_verb	mBERT-r2l	last	94.5	92.0
mBERT	Latin	person_verb	mBERT-r2l	first	87.56218905472637	81.59203980099502
mBERT	Latin	person_verb	mBERT-r2l	last	99.00497512437812	97.51243781094529
mBERT	Latin	tense_verb	mBERT-r2l	first	59.4059405940594	47.2636815920398
mBERT	Latin	tense_verb	mBERT-r2l	last	87.12871287128714	77.61194029850746
mBERT	Latin	verbform_verb	mBERT-r2l	first	74.12935323383084	61.69154228855721
mBERT	Latin	verbform_verb	mBERT-r2l	last	96.51741293532339	85.57213930348259
mBERT	Latin	voice_verb	mBERT-r2l	first	72.0	68.5
mBERT	Latin	voice_verb	mBERT-r2l	last	96.5	93.0
mBERT	Latvian	case_adj	mBERT-r2l	first	73.0	75.0
mBERT	Latvian	case_adj	mBERT-r2l	last	82.0	84.5
mBERT	Latvian	case_noun	mBERT-r2l	first	78.5	79.5
mBERT	Latvian	case_noun	mBERT-r2l	last	91.0	90.0
mBERT	Latvian	case_propn	mBERT-r2l	first	76.5	83.5
mBERT	Latvian	case_propn	mBERT-r2l	last	92.0	90.5
mBERT	Latvian	definite_adj	mBERT-r2l	first	74.0	71.5
mBERT	Latvian	definite_adj	mBERT-r2l	last	95.5	90.5
mBERT	Latvian	definite_verb	mBERT-r2l	first	83.5	86.0
mBERT	Latvian	definite_verb	mBERT-r2l	last	99.0	97.5
mBERT	Latvian	gender_adj	mBERT-r2l	first	75.5	76.0
mBERT	Latvian	gender_adj	mBERT-r2l	last	86.5	84.5
mBERT	Latvian	gender_noun	mBERT-r2l	first	69.0	75.0
mBERT	Latvian	gender_noun	mBERT-r2l	last	85.5	82.5
mBERT	Latvian	gender_propn	mBERT-r2l	first	75.0	76.0
mBERT	Latvian	gender_propn	mBERT-r2l	last	85.5	84.5
mBERT	Latvian	gender_verb	mBERT-r2l	first	86.0	87.0
mBERT	Latvian	gender_verb	mBERT-r2l	last	93.5	94.5
mBERT	Latvian	number_adj	mBERT-r2l	first	84.0	87.0
mBERT	Latvian	number_adj	mBERT-r2l	last	94.0	90.5
mBERT	Latvian	number_verb	mBERT-r2l	first	80.0	80.0
mBERT	Latvian	number_verb	mBERT-r2l	last	93.5	91.0
mBERT	Latvian	person_verb	mBERT-r2l	first	84.07960199004975	79.1044776119403
mBERT	Latvian	person_verb	mBERT-r2l	last	92.53731343283582	88.05970149253731
mBERT	Latvian	polarity_verb	mBERT-r2l	first	97.5	97.5
mBERT	Latvian	polarity_verb	mBERT-r2l	last	74.0	74.0
mBERT	Latvian	tense_verb	mBERT-r2l	first	67.66169154228857	63.18407960199005
mBERT	Latvian	tense_verb	mBERT-r2l	last	91.04477611940298	84.5771144278607
mBERT	Latvian	verbform_verb	mBERT-r2l	first	78.5	81.5
mBERT	Latvian	verbform_verb	mBERT-r2l	last	91.5	91.5
mBERT	Latvian	voice_verb	mBERT-r2l	first	89.0	83.5
mBERT	Latvian	voice_verb	mBERT-r2l	last	94.5	98.0
mBERT	Lithuanian	case_noun	mBERT-r2l	first	74.50980392156863	78.92156862745098
mBERT	Lithuanian	case_noun	mBERT-r2l	last	93.62745098039215	89.2156862745098
mBERT	Lithuanian	gender_noun	mBERT-r2l	first	75.0	68.5
mBERT	Lithuanian	gender_noun	mBERT-r2l	last	89.0	87.0
mBERT	Lithuanian	number_noun	mBERT-r2l	first	87.0	90.5
mBERT	Lithuanian	number_noun	mBERT-r2l	last	94.0	92.5
mBERT	Lithuanian	number_verb	mBERT-r2l	first	70.0	74.0
mBERT	Lithuanian	number_verb	mBERT-r2l	last	78.5	83.0
mBERT	Norwegian_Bokmal	definite_adj	mBERT-r2l	first	94.5	92.5
mBERT	Norwegian_Bokmal	definite_adj	mBERT-r2l	last	97.5	96.5
mBERT	Norwegian_Bokmal	definite_noun	mBERT-r2l	first	95.5	92.5
mBERT	Norwegian_Bokmal	definite_noun	mBERT-r2l	last	98.5	99.5
mBERT	Norwegian_Bokmal	gender_noun	mBERT-r2l	first	59.70149253731343	56.71641791044776
mBERT	Norwegian_Bokmal	gender_noun	mBERT-r2l	last	83.08457711442786	73.6318407960199
mBERT	Norwegian_Bokmal	number_adj	mBERT-r2l	first	85.0	82.5
mBERT	Norwegian_Bokmal	number_adj	mBERT-r2l	last	85.5	85.5
mBERT	Norwegian_Bokmal	number_noun	mBERT-r2l	first	91.0	86.0
mBERT	Norwegian_Bokmal	number_noun	mBERT-r2l	last	95.0	93.5
mBERT	Norwegian_Bokmal	tense_verb	mBERT-r2l	first	90.5	82.0
mBERT	Norwegian_Bokmal	tense_verb	mBERT-r2l	last	99.0	99.0
mBERT	Norwegian_Bokmal	verbform_verb	mBERT-r2l	first	89.55223880597015	89.05472636815921
mBERT	Norwegian_Bokmal	verbform_verb	mBERT-r2l	last	91.54228855721394	88.55721393034825
mBERT	Norwegian_Nynorsk	definite_adj	mBERT-r2l	first	95.5	95.0
mBERT	Norwegian_Nynorsk	definite_adj	mBERT-r2l	last	97.0	94.0
mBERT	Norwegian_Nynorsk	definite_noun	mBERT-r2l	first	91.5	88.5
mBERT	Norwegian_Nynorsk	definite_noun	mBERT-r2l	last	99.5	98.0
mBERT	Norwegian_Nynorsk	gender_noun	mBERT-r2l	first	64.6766169154229	62.189054726368155
mBERT	Norwegian_Nynorsk	gender_noun	mBERT-r2l	last	81.59203980099502	84.5771144278607
mBERT	Norwegian_Nynorsk	number_adj	mBERT-r2l	first	91.0	85.0
mBERT	Norwegian_Nynorsk	number_adj	mBERT-r2l	last	95.5	87.5
mBERT	Norwegian_Nynorsk	number_noun	mBERT-r2l	first	81.5	78.0
mBERT	Norwegian_Nynorsk	number_noun	mBERT-r2l	last	87.0	90.0
mBERT	Norwegian_Nynorsk	tense_verb	mBERT-r2l	first	86.0	82.0
mBERT	Norwegian_Nynorsk	tense_verb	mBERT-r2l	last	98.0	93.0
mBERT	Norwegian_Nynorsk	verbform_verb	mBERT-r2l	first	81.5	76.61691542288557
mBERT	Norwegian_Nynorsk	verbform_verb	mBERT-r2l	last	81.5	81.59203980099502
mBERT	Persian	number_noun	mBERT-r2l	first	80.0	80.0
mBERT	Persian	number_noun	mBERT-r2l	last	94.0	92.0
mBERT	Polish	animacy_adj	mBERT-r2l	first	68.5	70.0
mBERT	Polish	animacy_adj	mBERT-r2l	last	68.0	77.5
mBERT	Polish	animacy_noun	mBERT-r2l	first	62.5	65.17412935323384
mBERT	Polish	animacy_noun	mBERT-r2l	last	66.5	65.67164179104478
mBERT	Polish	aspect_adj	mBERT-r2l	first	86.0	84.5
mBERT	Polish	aspect_adj	mBERT-r2l	last	86.5	89.0
mBERT	Polish	aspect_verb	mBERT-r2l	first	71.0	70.0
mBERT	Polish	aspect_verb	mBERT-r2l	last	79.5	75.0
mBERT	Polish	case_adj	mBERT-r2l	first	82.5	76.0
mBERT	Polish	case_adj	mBERT-r2l	last	84.0	77.0
mBERT	Polish	case_propn	mBERT-r2l	first	73.76237623762376	72.5
mBERT	Polish	case_propn	mBERT-r2l	last	66.83168316831683	65.0
mBERT	Polish	gender_adj	mBERT-r2l	first	68.65671641791045	63.681592039801
mBERT	Polish	gender_adj	mBERT-r2l	last	75.62189054726367	71.14427860696517
mBERT	Polish	gender_noun	mBERT-r2l	first	69.15422885572139	70.64676616915423
mBERT	Polish	gender_noun	mBERT-r2l	last	87.06467661691542	78.60696517412936
mBERT	Polish	gender_propn	mBERT-r2l	first	63.681592039801	66.5
mBERT	Polish	gender_propn	mBERT-r2l	last	66.66666666666666	63.5
mBERT	Polish	gender_verb	mBERT-r2l	first	91.54228855721394	91.04477611940298
mBERT	Polish	gender_verb	mBERT-r2l	last	93.03482587064677	92.53731343283582
mBERT	Polish	mood_verb	mBERT-r2l	first	93.5	87.0
mBERT	Polish	mood_verb	mBERT-r2l	last	98.5	98.0
mBERT	Polish	number_adj	mBERT-r2l	first	92.5	88.0
mBERT	Polish	number_adj	mBERT-r2l	last	94.5	89.5
mBERT	Polish	number_noun	mBERT-r2l	first	88.5	81.5
mBERT	Polish	number_noun	mBERT-r2l	last	91.0	87.5
mBERT	Polish	number_verb	mBERT-r2l	first	92.5	91.0
mBERT	Polish	number_verb	mBERT-r2l	last	99.0	99.0
mBERT	Polish	person_verb	mBERT-r2l	first	88.05970149253731	83.0
mBERT	Polish	person_verb	mBERT-r2l	last	99.50248756218906	99.0
mBERT	Polish	subgender_adj	mBERT-r2l	first	74.0	77.5
mBERT	Polish	subgender_adj	mBERT-r2l	last	81.0	75.0
mBERT	Polish	tense_verb	mBERT-r2l	first	73.6318407960199	74.5
mBERT	Polish	tense_verb	mBERT-r2l	last	82.58706467661692	83.0
mBERT	Polish	verbform_verb	mBERT-r2l	first	82.0	83.16831683168317
mBERT	Polish	verbform_verb	mBERT-r2l	last	90.0	89.10891089108911
mBERT	Polish	voice_adj	mBERT-r2l	first	99.0	96.0
mBERT	Polish	voice_adj	mBERT-r2l	last	100.0	99.5
mBERT	Portuguese	gender_noun	mBERT-r2l	first	95.0	94.0
mBERT	Portuguese	gender_noun	mBERT-r2l	last	94.5	93.5
mBERT	Portuguese	gender_propn	mBERT-r2l	first	87.5	69.5
mBERT	Portuguese	gender_propn	mBERT-r2l	last	72.5	65.0
mBERT	Portuguese	number_noun	mBERT-r2l	first	99.0	97.5
mBERT	Portuguese	number_noun	mBERT-r2l	last	100.0	98.5
mBERT	Portuguese	number_verb	mBERT-r2l	first	97.0	94.5
mBERT	Portuguese	number_verb	mBERT-r2l	last	99.5	99.5
mBERT	Romanian	definite_noun	mBERT-r2l	first	93.0	88.5
mBERT	Romanian	definite_noun	mBERT-r2l	last	97.5	92.5
mBERT	Romanian	gender_adj	mBERT-r2l	first	95.0	94.5
mBERT	Romanian	gender_adj	mBERT-r2l	last	98.5	98.0
mBERT	Romanian	gender_noun	mBERT-r2l	first	92.5	84.5
mBERT	Romanian	gender_noun	mBERT-r2l	last	96.0	92.0
mBERT	Romanian	mood_verb	mBERT-r2l	first	82.58706467661692	74.6268656716418
mBERT	Romanian	mood_verb	mBERT-r2l	last	83.5820895522388	79.60199004975125
mBERT	Romanian	number_adj	mBERT-r2l	first	90.5	89.5
mBERT	Romanian	number_adj	mBERT-r2l	last	92.5	97.0
mBERT	Romanian	number_noun	mBERT-r2l	first	93.0	91.5
mBERT	Romanian	number_noun	mBERT-r2l	last	96.0	95.5
mBERT	Romanian	number_verb	mBERT-r2l	first	76.5	74.5
mBERT	Romanian	number_verb	mBERT-r2l	last	93.0	86.0
mBERT	Romanian	person_verb	mBERT-r2l	first	85.0	75.62189054726367
mBERT	Romanian	person_verb	mBERT-r2l	last	88.0	84.5771144278607
mBERT	Romanian	tense_verb	mBERT-r2l	first	74.25742574257426	73.0
mBERT	Romanian	tense_verb	mBERT-r2l	last	91.5841584158416	86.0
mBERT	Romanian	verbform_verb	mBERT-r2l	first	88.0	82.5
mBERT	Romanian	verbform_verb	mBERT-r2l	last	90.5	88.5
mBERT	Russian	animacy_adj	mBERT-r2l	first	82.5	74.0
mBERT	Russian	animacy_adj	mBERT-r2l	last	79.0	81.0
mBERT	Russian	animacy_noun	mBERT-r2l	first	79.0	72.0
mBERT	Russian	animacy_noun	mBERT-r2l	last	80.0	75.0
mBERT	Russian	animacy_propn	mBERT-r2l	first	83.0	78.5
mBERT	Russian	animacy_propn	mBERT-r2l	last	79.5	77.0
mBERT	Russian	aspect_verb	mBERT-r2l	first	75.5	72.5
mBERT	Russian	aspect_verb	mBERT-r2l	last	87.0	82.0
mBERT	Russian	case_adj	mBERT-r2l	first	82.35294117647058	82.35294117647058
mBERT	Russian	case_adj	mBERT-r2l	last	86.76470588235294	81.37254901960785
mBERT	Russian	case_noun	mBERT-r2l	first	80.3921568627451	78.92156862745098
mBERT	Russian	case_noun	mBERT-r2l	last	82.84313725490196	75.49019607843137
mBERT	Russian	case_propn	mBERT-r2l	first	71.56862745098039	70.58823529411765
mBERT	Russian	case_propn	mBERT-r2l	last	67.64705882352942	64.70588235294117
mBERT	Russian	case_verb	mBERT-r2l	first	74.01960784313727	74.01960784313727
mBERT	Russian	case_verb	mBERT-r2l	last	79.90196078431373	75.98039215686273
mBERT	Russian	gender_adj	mBERT-r2l	first	80.59701492537313	76.61691542288557
mBERT	Russian	gender_adj	mBERT-r2l	last	95.02487562189056	91.04477611940298
mBERT	Russian	gender_noun	mBERT-r2l	first	72.636815920398	65.67164179104478
mBERT	Russian	gender_noun	mBERT-r2l	last	83.08457711442786	82.58706467661692
mBERT	Russian	gender_propn	mBERT-r2l	first	66.16915422885572	57.711442786069654
mBERT	Russian	gender_propn	mBERT-r2l	last	72.636815920398	56.21890547263681
mBERT	Russian	gender_verb	mBERT-r2l	first	91.54228855721394	86.56716417910447
mBERT	Russian	gender_verb	mBERT-r2l	last	97.51243781094529	92.53731343283582
mBERT	Russian	mood_verb	mBERT-r2l	first	85.0	88.5
mBERT	Russian	mood_verb	mBERT-r2l	last	95.0	98.0
mBERT	Russian	number_adj	mBERT-r2l	first	98.0	96.5
mBERT	Russian	number_adj	mBERT-r2l	last	100.0	97.0
mBERT	Russian	number_noun	mBERT-r2l	first	91.0	87.5
mBERT	Russian	number_noun	mBERT-r2l	last	94.5	90.5
mBERT	Russian	number_verb	mBERT-r2l	first	94.5	94.0
mBERT	Russian	number_verb	mBERT-r2l	last	98.5	96.5
mBERT	Russian	person_verb	mBERT-r2l	first	92.03980099502488	91.54228855721394
mBERT	Russian	person_verb	mBERT-r2l	last	99.50248756218906	99.00497512437812
mBERT	Russian	tense_verb	mBERT-r2l	first	81.59203980099502	79.60199004975125
mBERT	Russian	tense_verb	mBERT-r2l	last	90.04975124378109	88.05970149253731
mBERT	Russian	verbform_verb	mBERT-r2l	first	91.5	90.5
mBERT	Russian	verbform_verb	mBERT-r2l	last	99.0	96.5
mBERT	Russian	voice_verb	mBERT-r2l	first	89.55223880597015	86.56716417910447
mBERT	Russian	voice_verb	mBERT-r2l	last	95.52238805970148	93.53233830845772
mBERT	Serbian	case_noun	mBERT-r2l	first	71.92118226600985	70.64676616915423
mBERT	Serbian	case_noun	mBERT-r2l	last	68.96551724137932	61.19402985074627
mBERT	Serbian	gender_adj	mBERT-r2l	first	62.68656716417911	60.69651741293532
mBERT	Serbian	gender_adj	mBERT-r2l	last	81.09452736318407	80.09950248756219
mBERT	Serbian	gender_noun	mBERT-r2l	first	72.13930348258707	70.64676616915423
mBERT	Serbian	gender_noun	mBERT-r2l	last	80.09950248756219	77.11442786069652
mBERT	Serbian	number_adj	mBERT-r2l	first	84.5	89.5
mBERT	Serbian	number_adj	mBERT-r2l	last	86.5	94.0
mBERT	Serbian	number_noun	mBERT-r2l	first	83.5	84.0
mBERT	Serbian	number_noun	mBERT-r2l	last	83.0	81.5
mBERT	Serbian	number_verb	mBERT-r2l	first	87.0	82.5
mBERT	Serbian	number_verb	mBERT-r2l	last	94.5	96.0
mBERT	Slovak	animacy_adj	mBERT-r2l	first	66.0	71.0
mBERT	Slovak	animacy_adj	mBERT-r2l	last	80.0	83.0
mBERT	Slovak	animacy_noun	mBERT-r2l	first	82.5	81.0
mBERT	Slovak	animacy_noun	mBERT-r2l	last	79.5	91.5
mBERT	Slovak	aspect_verb	mBERT-r2l	first	73.0	69.0
mBERT	Slovak	aspect_verb	mBERT-r2l	last	85.5	81.0
mBERT	Slovak	case_noun	mBERT-r2l	first	73.52941176470588	68.62745098039215
mBERT	Slovak	case_noun	mBERT-r2l	last	72.54901960784314	78.43137254901961
mBERT	Slovak	gender_adj	mBERT-r2l	first	58.2089552238806	64.17910447761194
mBERT	Slovak	gender_adj	mBERT-r2l	last	77.61194029850746	76.61691542288557
mBERT	Slovak	gender_noun	mBERT-r2l	first	70.64676616915423	66.16915422885572
mBERT	Slovak	gender_noun	mBERT-r2l	last	83.08457711442786	79.60199004975125
mBERT	Slovak	gender_verb	mBERT-r2l	first	77.11442786069652	76.5
mBERT	Slovak	gender_verb	mBERT-r2l	last	86.56716417910447	83.5
mBERT	Slovak	number_adj	mBERT-r2l	first	89.5	84.5
mBERT	Slovak	number_adj	mBERT-r2l	last	94.0	94.0
mBERT	Slovak	number_noun	mBERT-r2l	first	86.0	90.5
mBERT	Slovak	number_noun	mBERT-r2l	last	87.5	88.5
mBERT	Slovak	number_verb	mBERT-r2l	first	94.5	92.0
mBERT	Slovak	number_verb	mBERT-r2l	last	99.0	97.5
mBERT	Slovak	tense_verb	mBERT-r2l	first	92.5	92.0
mBERT	Slovak	tense_verb	mBERT-r2l	last	99.0	100.0
mBERT	Slovak	verbform_verb	mBERT-r2l	first	88.05970149253731	93.5
mBERT	Slovak	verbform_verb	mBERT-r2l	last	99.50248756218906	100.0
mBERT	Slovenian	aspect_verb	mBERT-r2l	first	71.5	72.5
mBERT	Slovenian	aspect_verb	mBERT-r2l	last	78.0	82.5
mBERT	Slovenian	case_adj	mBERT-r2l	first	71.14427860696517	69.15422885572139
mBERT	Slovenian	case_adj	mBERT-r2l	last	73.6318407960199	73.6318407960199
mBERT	Slovenian	case_noun	mBERT-r2l	first	63.725490196078425	70.58823529411765
mBERT	Slovenian	case_noun	mBERT-r2l	last	64.70588235294117	62.745098039215684
mBERT	Slovenian	gender_adj	mBERT-r2l	first	61.19402985074627	56.71641791044776
mBERT	Slovenian	gender_adj	mBERT-r2l	last	65.17412935323384	65.67164179104478
mBERT	Slovenian	gender_noun	mBERT-r2l	first	68.65671641791045	55.72139303482587
mBERT	Slovenian	gender_noun	mBERT-r2l	last	86.56716417910447	77.11442786069652
mBERT	Slovenian	number_adj	mBERT-r2l	first	90.0	85.5
mBERT	Slovenian	number_adj	mBERT-r2l	last	87.5	88.0
mBERT	Slovenian	person_verb	mBERT-r2l	first	88.0	78.1094527363184
mBERT	Slovenian	person_verb	mBERT-r2l	last	98.5	94.5273631840796
mBERT	Slovenian	verbform_verb	mBERT-r2l	first	92.03980099502488	90.04975124378109
mBERT	Slovenian	verbform_verb	mBERT-r2l	last	99.50248756218906	97.01492537313432
mBERT	Spanish	gender_adj	mBERT-r2l	first	99.0	94.0
mBERT	Spanish	gender_adj	mBERT-r2l	last	100.0	95.5
mBERT	Spanish	gender_noun	mBERT-r2l	first	94.0	94.0
mBERT	Spanish	gender_noun	mBERT-r2l	last	95.5	95.5
mBERT	Spanish	number_adj	mBERT-r2l	first	99.5	98.0
mBERT	Spanish	number_adj	mBERT-r2l	last	100.0	99.5
mBERT	Spanish	number_noun	mBERT-r2l	first	99.5	96.5
mBERT	Spanish	number_noun	mBERT-r2l	last	98.5	98.0
mBERT	Spanish	number_verb	mBERT-r2l	first	91.0	91.0
mBERT	Spanish	number_verb	mBERT-r2l	last	99.5	99.0
mBERT	Spanish	tense_verb	mBERT-r2l	first	77.5	68.0
mBERT	Spanish	tense_verb	mBERT-r2l	last	96.0	86.5
mBERT	Spanish	verbform_verb	mBERT-r2l	first	89.5	89.0
mBERT	Spanish	verbform_verb	mBERT-r2l	last	95.5	98.0
mBERT	Swedish	case_noun	mBERT-r2l	first	91.0	87.5
mBERT	Swedish	case_noun	mBERT-r2l	last	99.5	98.5
mBERT	Swedish	definite_adj	mBERT-r2l	first	79.5	83.5
mBERT	Swedish	definite_adj	mBERT-r2l	last	89.5	90.5
mBERT	Swedish	definite_noun	mBERT-r2l	first	90.0	88.5
mBERT	Swedish	definite_noun	mBERT-r2l	last	97.0	96.0
mBERT	Swedish	gender_noun	mBERT-r2l	first	78.5	73.5
mBERT	Swedish	gender_noun	mBERT-r2l	last	89.5	85.0
mBERT	Swedish	number_adj	mBERT-r2l	first	85.0	82.5
mBERT	Swedish	number_adj	mBERT-r2l	last	89.5	81.0
mBERT	Swedish	number_noun	mBERT-r2l	first	81.5	85.0
mBERT	Swedish	number_noun	mBERT-r2l	last	86.0	84.0
mBERT	Swedish	tense_verb	mBERT-r2l	first	89.0	83.0
mBERT	Swedish	tense_verb	mBERT-r2l	last	99.5	95.5
mBERT	Swedish	voice_verb	mBERT-r2l	first	81.0	84.0
mBERT	Swedish	voice_verb	mBERT-r2l	last	93.0	95.5
mBERT	Turkish	aspect_verb	mBERT-r2l	first	75.12437810945273	69.15422885572139
mBERT	Turkish	aspect_verb	mBERT-r2l	last	96.01990049751244	94.02985074626866
mBERT	Turkish	case_noun	mBERT-r2l	first	75.86206896551724	66.99507389162561
mBERT	Turkish	case_noun	mBERT-r2l	last	94.08866995073892	91.13300492610836
mBERT	Turkish	number_noun	mBERT-r2l	first	92.5	96.5
mBERT	Turkish	number_noun	mBERT-r2l	last	97.0	97.0
mBERT	Turkish	number_verb	mBERT-r2l	first	72.5	81.5
mBERT	Turkish	number_verb	mBERT-r2l	last	97.0	97.0
mBERT	Turkish	person_verb	mBERT-r2l	first	71.14427860696517	77.5
mBERT	Turkish	person_verb	mBERT-r2l	last	96.51741293532339	97.0
mBERT	Turkish	polarity_verb	mBERT-r2l	first	68.5	69.5
mBERT	Turkish	polarity_verb	mBERT-r2l	last	86.5	88.5
mBERT	Turkish	verbform_verb	mBERT-r2l	first	81.59203980099502	79.1044776119403
mBERT	Turkish	verbform_verb	mBERT-r2l	last	96.01990049751244	96.51741293532339
mBERT	Ukrainian	animacy_noun	mBERT-r2l	first	81.5	81.5
mBERT	Ukrainian	animacy_noun	mBERT-r2l	last	87.0	84.0
mBERT	Ukrainian	aspect_verb	mBERT-r2l	first	77.0	76.0
mBERT	Ukrainian	aspect_verb	mBERT-r2l	last	80.5	80.0
mBERT	Ukrainian	case_adj	mBERT-r2l	first	88.5	84.0
mBERT	Ukrainian	case_adj	mBERT-r2l	last	89.0	89.0
mBERT	Ukrainian	case_noun	mBERT-r2l	first	74.8768472906404	72.54901960784314
mBERT	Ukrainian	case_noun	mBERT-r2l	last	79.3103448275862	74.50980392156863
mBERT	Ukrainian	gender_adj	mBERT-r2l	first	80.59701492537313	73.13432835820896
mBERT	Ukrainian	gender_adj	mBERT-r2l	last	91.04477611940298	87.56218905472637
mBERT	Ukrainian	gender_noun	mBERT-r2l	first	74.12935323383084	67.66169154228857
mBERT	Ukrainian	gender_noun	mBERT-r2l	last	79.60199004975125	85.57213930348259
mBERT	Ukrainian	number_adj	mBERT-r2l	first	98.0	97.5
mBERT	Ukrainian	number_adj	mBERT-r2l	last	99.0	99.0
mBERT	Ukrainian	number_verb	mBERT-r2l	first	94.0	88.0
mBERT	Ukrainian	number_verb	mBERT-r2l	last	100.0	96.5
mBERT	Ukrainian	tense_verb	mBERT-r2l	first	87.06467661691542	78.60696517412936
mBERT	Ukrainian	tense_verb	mBERT-r2l	last	93.03482587064677	88.05970149253731
mBERT	Urdu	case_noun	mBERT-r2l	first	67.5	69.0
mBERT	Urdu	case_noun	mBERT-r2l	last	82.5	81.0
mBERT	Urdu	case_propn	mBERT-r2l	first	64.0	67.5
mBERT	Urdu	case_propn	mBERT-r2l	last	75.5	84.5
mBERT	Urdu	gender_noun	mBERT-r2l	first	75.5	74.5
mBERT	Urdu	gender_noun	mBERT-r2l	last	78.0	75.5
mBERT	Urdu	number_noun	mBERT-r2l	first	91.0	89.5
mBERT	Urdu	number_noun	mBERT-r2l	last	95.0	89.0
mBERT	Afrikaans	number_noun	mBERT-rand-r2l	first	-1.0	48.0
mBERT	Afrikaans	number_noun	mBERT-rand-r2l	last	-1.0	83.5
mBERT	Albanian	case_noun	mBERT-rand-r2l	first	-1.0	40.5
mBERT	Albanian	case_noun	mBERT-rand-r2l	last	-1.0	43.5
mBERT	Albanian	case_propn	mBERT-rand-r2l	first	-1.0	37.5
mBERT	Albanian	case_propn	mBERT-rand-r2l	last	-1.0	69.5
mBERT	Albanian	definite_noun	mBERT-rand-r2l	first	-1.0	54.0
mBERT	Albanian	definite_noun	mBERT-rand-r2l	last	-1.0	72.5
mBERT	Albanian	gender_noun	mBERT-rand-r2l	first	-1.0	51.0
mBERT	Albanian	gender_noun	mBERT-rand-r2l	last	-1.0	70.5
mBERT	Albanian	gender_propn	mBERT-rand-r2l	first	-1.0	53.0
mBERT	Albanian	gender_propn	mBERT-rand-r2l	last	-1.0	67.5
mBERT	Albanian	number_noun	mBERT-rand-r2l	first	-1.0	51.5
mBERT	Albanian	number_noun	mBERT-rand-r2l	last	-1.0	75.0
mBERT	Albanian	number_verb	mBERT-rand-r2l	first	-1.0	53.5
mBERT	Albanian	number_verb	mBERT-rand-r2l	last	-1.0	85.0
mBERT	Arabic	aspect_verb	mBERT-rand-r2l	first	-1.0	57.99999999999999
mBERT	Arabic	aspect_verb	mBERT-rand-r2l	last	-1.0	73.0
mBERT	Arabic	case_adj	mBERT-rand-r2l	first	-1.0	40.0
mBERT	Arabic	case_adj	mBERT-rand-r2l	last	-1.0	50.0
mBERT	Arabic	case_noun	mBERT-rand-r2l	first	-1.0	41.0
mBERT	Arabic	case_noun	mBERT-rand-r2l	last	-1.0	49.5
mBERT	Arabic	definite_noun	mBERT-rand-r2l	first	-1.0	33.5
mBERT	Arabic	definite_noun	mBERT-rand-r2l	last	-1.0	44.0
mBERT	Arabic	gender_adj	mBERT-rand-r2l	first	-1.0	57.99999999999999
mBERT	Arabic	gender_adj	mBERT-rand-r2l	last	-1.0	90.0
mBERT	Arabic	gender_verb	mBERT-rand-r2l	first	-1.0	48.5
mBERT	Arabic	gender_verb	mBERT-rand-r2l	last	-1.0	70.0
mBERT	Armenian	animacy_noun	mBERT-rand-r2l	first	-1.0	49.0
mBERT	Armenian	animacy_noun	mBERT-rand-r2l	last	-1.0	73.5
mBERT	Armenian	definite_noun	mBERT-rand-r2l	first	-1.0	46.5
mBERT	Armenian	definite_noun	mBERT-rand-r2l	last	-1.0	97.5
mBERT	Armenian	subcat_verb	mBERT-rand-r2l	first	-1.0	52.0
mBERT	Armenian	subcat_verb	mBERT-rand-r2l	last	-1.0	67.0
mBERT	Basque	case_noun	mBERT-rand-r2l	first	-1.0	6.5
mBERT	Basque	case_noun	mBERT-rand-r2l	last	-1.0	84.0
mBERT	Basque	definite_noun	mBERT-rand-r2l	first	-1.0	52.5
mBERT	Basque	definite_noun	mBERT-rand-r2l	last	-1.0	78.0
mBERT	Basque	number_noun	mBERT-rand-r2l	first	-1.0	50.5
mBERT	Basque	number_noun	mBERT-rand-r2l	last	-1.0	87.5
mBERT	Bulgarian	aspect_verb	mBERT-rand-r2l	first	-1.0	53.5
mBERT	Bulgarian	aspect_verb	mBERT-rand-r2l	last	-1.0	76.0
mBERT	Bulgarian	definite_adj	mBERT-rand-r2l	first	-1.0	58.5
mBERT	Bulgarian	definite_adj	mBERT-rand-r2l	last	-1.0	94.5
mBERT	Bulgarian	definite_noun	mBERT-rand-r2l	first	-1.0	57.99999999999999
mBERT	Bulgarian	definite_noun	mBERT-rand-r2l	last	-1.0	87.5
mBERT	Bulgarian	gender_adj	mBERT-rand-r2l	first	-1.0	36.5
mBERT	Bulgarian	gender_adj	mBERT-rand-r2l	last	-1.0	88.0
mBERT	Bulgarian	gender_noun	mBERT-rand-r2l	first	-1.0	31.0
mBERT	Bulgarian	gender_noun	mBERT-rand-r2l	last	-1.0	71.0
mBERT	Bulgarian	number_adj	mBERT-rand-r2l	first	-1.0	49.0
mBERT	Bulgarian	number_adj	mBERT-rand-r2l	last	-1.0	93.5
mBERT	Bulgarian	number_verb	mBERT-rand-r2l	first	-1.0	55.50000000000001
mBERT	Bulgarian	number_verb	mBERT-rand-r2l	last	-1.0	96.0
mBERT	Bulgarian	person_verb	mBERT-rand-r2l	first	-1.0	42.5
mBERT	Bulgarian	person_verb	mBERT-rand-r2l	last	-1.0	91.0
mBERT	Bulgarian	tense_verb	mBERT-rand-r2l	first	-1.0	35.5
mBERT	Bulgarian	tense_verb	mBERT-rand-r2l	last	-1.0	71.5
mBERT	Bulgarian	verbform_verb	mBERT-rand-r2l	first	-1.0	53.0
mBERT	Bulgarian	verbform_verb	mBERT-rand-r2l	last	-1.0	89.5
mBERT	Bulgarian	voice_verb	mBERT-rand-r2l	first	-1.0	74.0
mBERT	Bulgarian	voice_verb	mBERT-rand-r2l	last	-1.0	92.5
mBERT	Catalan	gender_adj	mBERT-rand-r2l	first	-1.0	54.0
mBERT	Catalan	gender_adj	mBERT-rand-r2l	last	-1.0	91.5
mBERT	Catalan	gender_noun	mBERT-rand-r2l	first	-1.0	49.5
mBERT	Catalan	gender_noun	mBERT-rand-r2l	last	-1.0	77.0
mBERT	Catalan	mood_verb	mBERT-rand-r2l	first	-1.0	63.0
mBERT	Catalan	mood_verb	mBERT-rand-r2l	last	-1.0	90.5
mBERT	Catalan	number_adj	mBERT-rand-r2l	first	-1.0	46.5
mBERT	Catalan	number_adj	mBERT-rand-r2l	last	-1.0	92.5
mBERT	Catalan	number_noun	mBERT-rand-r2l	first	-1.0	53.5
mBERT	Catalan	number_noun	mBERT-rand-r2l	last	-1.0	80.0
mBERT	Catalan	number_verb	mBERT-rand-r2l	first	-1.0	52.0
mBERT	Catalan	number_verb	mBERT-rand-r2l	last	-1.0	89.5
mBERT	Catalan	tense_verb	mBERT-rand-r2l	first	-1.0	28.999999999999996
mBERT	Catalan	tense_verb	mBERT-rand-r2l	last	-1.0	85.5
mBERT	Catalan	verbform_verb	mBERT-rand-r2l	first	-1.0	27.0
mBERT	Catalan	verbform_verb	mBERT-rand-r2l	last	-1.0	89.5
mBERT	Croatian	case_adj	mBERT-rand-r2l	first	-1.0	18.0
mBERT	Croatian	case_adj	mBERT-rand-r2l	last	-1.0	52.5
mBERT	Croatian	case_noun	mBERT-rand-r2l	first	-1.0	22.0
mBERT	Croatian	case_noun	mBERT-rand-r2l	last	-1.0	51.0
mBERT	Croatian	definite_adj	mBERT-rand-r2l	first	-1.0	73.0
mBERT	Croatian	definite_adj	mBERT-rand-r2l	last	-1.0	92.5
mBERT	Croatian	gender_adj	mBERT-rand-r2l	first	-1.0	37.0
mBERT	Croatian	gender_adj	mBERT-rand-r2l	last	-1.0	61.0
mBERT	Croatian	gender_noun	mBERT-rand-r2l	first	-1.0	37.0
mBERT	Croatian	gender_noun	mBERT-rand-r2l	last	-1.0	57.49999999999999
mBERT	Croatian	number_adj	mBERT-rand-r2l	first	-1.0	50.0
mBERT	Croatian	number_adj	mBERT-rand-r2l	last	-1.0	77.5
mBERT	Croatian	number_noun	mBERT-rand-r2l	first	-1.0	50.0
mBERT	Croatian	number_noun	mBERT-rand-r2l	last	-1.0	74.5
mBERT	Croatian	number_verb	mBERT-rand-r2l	first	-1.0	49.5
mBERT	Croatian	number_verb	mBERT-rand-r2l	last	-1.0	90.5
mBERT	Croatian	tense_verb	mBERT-rand-r2l	first	-1.0	48.5
mBERT	Croatian	tense_verb	mBERT-rand-r2l	last	-1.0	93.5
mBERT	Croatian	verbform_verb	mBERT-rand-r2l	first	-1.0	33.0
mBERT	Croatian	verbform_verb	mBERT-rand-r2l	last	-1.0	94.0
mBERT	Czech	animacy_adj	mBERT-rand-r2l	first	-1.0	50.0
mBERT	Czech	animacy_adj	mBERT-rand-r2l	last	-1.0	63.5
mBERT	Czech	animacy_noun	mBERT-rand-r2l	first	-1.0	50.5
mBERT	Czech	animacy_noun	mBERT-rand-r2l	last	-1.0	65.0
mBERT	Czech	animacy_propn	mBERT-rand-r2l	first	-1.0	54.50000000000001
mBERT	Czech	animacy_propn	mBERT-rand-r2l	last	-1.0	61.0
mBERT	Czech	animacy_verb	mBERT-rand-r2l	first	-1.0	54.50000000000001
mBERT	Czech	animacy_verb	mBERT-rand-r2l	last	-1.0	92.0
mBERT	Czech	aspect_adj	mBERT-rand-r2l	first	-1.0	44.0
mBERT	Czech	aspect_adj	mBERT-rand-r2l	last	-1.0	85.0
mBERT	Czech	aspect_verb	mBERT-rand-r2l	first	-1.0	53.0
mBERT	Czech	aspect_verb	mBERT-rand-r2l	last	-1.0	77.5
mBERT	Czech	case_adj	mBERT-rand-r2l	first	-1.0	23.5
mBERT	Czech	case_adj	mBERT-rand-r2l	last	-1.0	61.5
mBERT	Czech	case_propn	mBERT-rand-r2l	first	-1.0	16.0
mBERT	Czech	case_propn	mBERT-rand-r2l	last	-1.0	50.5
mBERT	Czech	degree_adj	mBERT-rand-r2l	first	-1.0	31.5
mBERT	Czech	degree_adj	mBERT-rand-r2l	last	-1.0	77.5
mBERT	Czech	gender_adj	mBERT-rand-r2l	first	-1.0	27.500000000000004
mBERT	Czech	gender_adj	mBERT-rand-r2l	last	-1.0	53.0
mBERT	Czech	gender_noun	mBERT-rand-r2l	first	-1.0	35.5
mBERT	Czech	gender_noun	mBERT-rand-r2l	last	-1.0	66.0
mBERT	Czech	gender_propn	mBERT-rand-r2l	first	-1.0	31.0
mBERT	Czech	gender_propn	mBERT-rand-r2l	last	-1.0	45.5
mBERT	Czech	gender_verb	mBERT-rand-r2l	first	-1.0	34.5
mBERT	Czech	gender_verb	mBERT-rand-r2l	last	-1.0	81.0
mBERT	Czech	mood_verb	mBERT-rand-r2l	first	-1.0	56.00000000000001
mBERT	Czech	mood_verb	mBERT-rand-r2l	last	-1.0	84.5
mBERT	Czech	nametype_propn	mBERT-rand-r2l	first	-1.0	17.0
mBERT	Czech	nametype_propn	mBERT-rand-r2l	last	-1.0	24.0
mBERT	Czech	number_adj	mBERT-rand-r2l	first	-1.0	51.0
mBERT	Czech	number_adj	mBERT-rand-r2l	last	-1.0	80.5
mBERT	Czech	number_noun	mBERT-rand-r2l	first	-1.0	49.5
mBERT	Czech	number_noun	mBERT-rand-r2l	last	-1.0	74.0
mBERT	Czech	number_propn	mBERT-rand-r2l	first	-1.0	51.5
mBERT	Czech	number_propn	mBERT-rand-r2l	last	-1.0	73.5
mBERT	Czech	number_verb	mBERT-rand-r2l	first	-1.0	52.5
mBERT	Czech	number_verb	mBERT-rand-r2l	last	-1.0	90.0
mBERT	Czech	person_verb	mBERT-rand-r2l	first	-1.0	33.0
mBERT	Czech	person_verb	mBERT-rand-r2l	last	-1.0	91.5
mBERT	Czech	polarity_adj	mBERT-rand-r2l	first	-1.0	46.0
mBERT	Czech	polarity_adj	mBERT-rand-r2l	last	-1.0	66.0
mBERT	Czech	polarity_verb	mBERT-rand-r2l	first	-1.0	56.49999999999999
mBERT	Czech	polarity_verb	mBERT-rand-r2l	last	-1.0	54.0
mBERT	Czech	voice_adj	mBERT-rand-r2l	first	-1.0	59.5
mBERT	Czech	voice_adj	mBERT-rand-r2l	last	-1.0	
mBERT	Danish	definite_noun	mBERT-rand-r2l	first	-1.0	57.99999999999999
mBERT	Danish	definite_noun	mBERT-rand-r2l	last	-1.0	86.5
mBERT	Danish	gender_noun	mBERT-rand-r2l	first	-1.0	53.0
mBERT	Danish	gender_noun	mBERT-rand-r2l	last	-1.0	67.5
mBERT	Danish	number_noun	mBERT-rand-r2l	first	-1.0	50.5
mBERT	Danish	number_noun	mBERT-rand-r2l	last	-1.0	76.5
mBERT	Danish	tense_verb	mBERT-rand-r2l	first	-1.0	53.5
mBERT	Danish	tense_verb	mBERT-rand-r2l	last	-1.0	91.0
mBERT	Danish	verbform_verb	mBERT-rand-r2l	first	-1.0	42.5
mBERT	Danish	verbform_verb	mBERT-rand-r2l	last	-1.0	73.5
mBERT	Dutch	gender_noun	mBERT-rand-r2l	first	-1.0	50.5
mBERT	Dutch	gender_noun	mBERT-rand-r2l	last	-1.0	70.5
mBERT	Dutch	gender_propn	mBERT-rand-r2l	first	-1.0	47.0
mBERT	Dutch	gender_propn	mBERT-rand-r2l	last	-1.0	53.5
mBERT	Dutch	number_noun	mBERT-rand-r2l	first	-1.0	57.49999999999999
mBERT	Dutch	number_noun	mBERT-rand-r2l	last	-1.0	85.5
mBERT	Dutch	verbform_verb	mBERT-rand-r2l	first	-1.0	36.0
mBERT	Dutch	verbform_verb	mBERT-rand-r2l	last	-1.0	67.0
mBERT	English	number_noun	mBERT-rand-r2l	first	-1.0	49.5
mBERT	English	number_noun	mBERT-rand-r2l	last	-1.0	76.0
mBERT	English	tense_verb	mBERT-rand-r2l	first	-1.0	57.49999999999999
mBERT	English	tense_verb	mBERT-rand-r2l	last	-1.0	93.5
mBERT	English	verbform_verb	mBERT-rand-r2l	first	-1.0	27.500000000000004
mBERT	English	verbform_verb	mBERT-rand-r2l	last	-1.0	60.5
mBERT	Estonian	case_adj	mBERT-rand-r2l	first	-1.0	10.5
mBERT	Estonian	case_adj	mBERT-rand-r2l	last	-1.0	89.5
mBERT	Estonian	case_noun	mBERT-rand-r2l	first	-1.0	6.5
mBERT	Estonian	case_noun	mBERT-rand-r2l	last	-1.0	72.5
mBERT	Estonian	number_adj	mBERT-rand-r2l	first	-1.0	46.5
mBERT	Estonian	number_adj	mBERT-rand-r2l	last	-1.0	97.5
mBERT	Estonian	number_noun	mBERT-rand-r2l	first	-1.0	50.5
mBERT	Estonian	number_noun	mBERT-rand-r2l	last	-1.0	84.5
mBERT	Estonian	number_verb	mBERT-rand-r2l	first	-1.0	49.0
mBERT	Estonian	number_verb	mBERT-rand-r2l	last	-1.0	96.0
mBERT	Estonian	person_verb	mBERT-rand-r2l	first	-1.0	56.00000000000001
mBERT	Estonian	person_verb	mBERT-rand-r2l	last	-1.0	88.5
mBERT	Estonian	tense_adj	mBERT-rand-r2l	first	-1.0	49.0
mBERT	Estonian	tense_adj	mBERT-rand-r2l	last	-1.0	
mBERT	Estonian	tense_verb	mBERT-rand-r2l	first	-1.0	53.5
mBERT	Estonian	tense_verb	mBERT-rand-r2l	last	-1.0	89.0
mBERT	Estonian	verbform_verb	mBERT-rand-r2l	first	-1.0	25.5
mBERT	Estonian	verbform_verb	mBERT-rand-r2l	last	-1.0	93.5
mBERT	Estonian	voice_adj	mBERT-rand-r2l	first	-1.0	50.5
mBERT	Estonian	voice_adj	mBERT-rand-r2l	last	-1.0	94.0
mBERT	Estonian	voice_verb	mBERT-rand-r2l	first	-1.0	53.5
mBERT	Estonian	voice_verb	mBERT-rand-r2l	last	-1.0	94.0
mBERT	Finnish	case_adj	mBERT-rand-r2l	first	-1.0	11.0
mBERT	Finnish	case_adj	mBERT-rand-r2l	last	-1.0	85.5
mBERT	Finnish	case_noun	mBERT-rand-r2l	first	-1.0	6.0
mBERT	Finnish	case_noun	mBERT-rand-r2l	last	-1.0	78.0
mBERT	Finnish	case_propn	mBERT-rand-r2l	first	-1.0	17.0
mBERT	Finnish	case_propn	mBERT-rand-r2l	last	-1.0	81.0
mBERT	Finnish	case_verb	mBERT-rand-r2l	first	-1.0	11.0
mBERT	Finnish	case_verb	mBERT-rand-r2l	last	-1.0	85.5
mBERT	Finnish	degree_adj	mBERT-rand-r2l	first	-1.0	35.0
mBERT	Finnish	degree_adj	mBERT-rand-r2l	last	-1.0	73.0
mBERT	Finnish	derivation_adj	mBERT-rand-r2l	first	-1.0	21.5
mBERT	Finnish	derivation_adj	mBERT-rand-r2l	last	-1.0	75.5
mBERT	Finnish	derivation_noun	mBERT-rand-r2l	first	-1.0	20.5
mBERT	Finnish	derivation_noun	mBERT-rand-r2l	last	-1.0	92.5
mBERT	Finnish	infform_verb	mBERT-rand-r2l	first	-1.0	38.5
mBERT	Finnish	infform_verb	mBERT-rand-r2l	last	-1.0	96.5
mBERT	Finnish	mood_verb	mBERT-rand-r2l	first	-1.0	47.0
mBERT	Finnish	mood_verb	mBERT-rand-r2l	last	-1.0	81.0
mBERT	Finnish	number_adj	mBERT-rand-r2l	first	-1.0	46.5
mBERT	Finnish	number_adj	mBERT-rand-r2l	last	-1.0	93.5
mBERT	Finnish	number_noun	mBERT-rand-r2l	first	-1.0	48.0
mBERT	Finnish	number_noun	mBERT-rand-r2l	last	-1.0	82.5
mBERT	Finnish	number_verb	mBERT-rand-r2l	first	-1.0	49.0
mBERT	Finnish	number_verb	mBERT-rand-r2l	last	-1.0	94.0
mBERT	Finnish	partform_verb	mBERT-rand-r2l	first	-1.0	36.0
mBERT	Finnish	partform_verb	mBERT-rand-r2l	last	-1.0	90.0
mBERT	Finnish	tense_verb	mBERT-rand-r2l	first	-1.0	53.0
mBERT	Finnish	tense_verb	mBERT-rand-r2l	last	-1.0	88.5
mBERT	Finnish	verbform_verb	mBERT-rand-r2l	first	-1.0	35.5
mBERT	Finnish	verbform_verb	mBERT-rand-r2l	last	-1.0	80.5
mBERT	Finnish	voice_verb	mBERT-rand-r2l	first	-1.0	56.49999999999999
mBERT	Finnish	voice_verb	mBERT-rand-r2l	last	-1.0	85.0
mBERT	French	gender_adj	mBERT-rand-r2l	first	-1.0	53.5
mBERT	French	gender_adj	mBERT-rand-r2l	last	-1.0	70.5
mBERT	French	gender_noun	mBERT-rand-r2l	first	-1.0	54.0
mBERT	French	gender_noun	mBERT-rand-r2l	last	-1.0	67.0
mBERT	French	gender_verb	mBERT-rand-r2l	first	-1.0	54.50000000000001
mBERT	French	gender_verb	mBERT-rand-r2l	last	-1.0	
mBERT	French	number_adj	mBERT-rand-r2l	first	-1.0	49.5
mBERT	French	number_adj	mBERT-rand-r2l	last	-1.0	86.5
mBERT	French	number_noun	mBERT-rand-r2l	first	-1.0	53.0
mBERT	French	number_noun	mBERT-rand-r2l	last	-1.0	81.0
mBERT	French	number_verb	mBERT-rand-r2l	first	-1.0	59.0
mBERT	French	number_verb	mBERT-rand-r2l	last	-1.0	92.5
mBERT	French	tense_verb	mBERT-rand-r2l	first	-1.0	30.0
mBERT	French	tense_verb	mBERT-rand-r2l	last	-1.0	80.0
mBERT	French	verbform_verb	mBERT-rand-r2l	first	-1.0	45.5
mBERT	French	verbform_verb	mBERT-rand-r2l	last	-1.0	84.0
mBERT	German	case_adj	mBERT-rand-r2l	first	-1.0	31.5
mBERT	German	case_adj	mBERT-rand-r2l	last	-1.0	39.0
mBERT	German	case_noun	mBERT-rand-r2l	first	-1.0	25.5
mBERT	German	case_noun	mBERT-rand-r2l	last	-1.0	35.0
mBERT	German	case_propn	mBERT-rand-r2l	first	-1.0	33.0
mBERT	German	case_propn	mBERT-rand-r2l	last	-1.0	38.5
mBERT	German	gender_adj	mBERT-rand-r2l	first	-1.0	31.5
mBERT	German	gender_adj	mBERT-rand-r2l	last	-1.0	47.0
mBERT	German	gender_noun	mBERT-rand-r2l	first	-1.0	38.5
mBERT	German	gender_noun	mBERT-rand-r2l	last	-1.0	52.5
mBERT	German	gender_propn	mBERT-rand-r2l	first	-1.0	34.0
mBERT	German	gender_propn	mBERT-rand-r2l	last	-1.0	36.0
mBERT	German	number_adj	mBERT-rand-r2l	first	-1.0	56.49999999999999
mBERT	German	number_adj	mBERT-rand-r2l	last	-1.0	63.0
mBERT	German	number_noun	mBERT-rand-r2l	first	-1.0	49.0
mBERT	German	number_noun	mBERT-rand-r2l	last	-1.0	65.5
mBERT	German	number_verb	mBERT-rand-r2l	first	-1.0	49.0
mBERT	German	number_verb	mBERT-rand-r2l	last	-1.0	89.0
mBERT	German	tense_verb	mBERT-rand-r2l	first	-1.0	54.50000000000001
mBERT	German	tense_verb	mBERT-rand-r2l	last	-1.0	78.5
mBERT	German	verbform_verb	mBERT-rand-r2l	first	-1.0	45.0
mBERT	German	verbform_verb	mBERT-rand-r2l	last	-1.0	65.0
mBERT	Greek	aspect_verb	mBERT-rand-r2l	first	-1.0	49.0
mBERT	Greek	aspect_verb	mBERT-rand-r2l	last	-1.0	84.5
mBERT	Greek	case_noun	mBERT-rand-r2l	first	-1.0	43.5
mBERT	Greek	case_noun	mBERT-rand-r2l	last	-1.0	64.5
mBERT	Greek	gender_noun	mBERT-rand-r2l	first	-1.0	28.999999999999996
mBERT	Greek	gender_noun	mBERT-rand-r2l	last	-1.0	69.0
mBERT	Greek	number_noun	mBERT-rand-r2l	first	-1.0	58.5
mBERT	Greek	number_noun	mBERT-rand-r2l	last	-1.0	88.5
mBERT	Greek	voice_verb	mBERT-rand-r2l	first	-1.0	50.0
mBERT	Greek	voice_verb	mBERT-rand-r2l	last	-1.0	91.5
mBERT	Hebrew	gender_noun	mBERT-rand-r2l	first	-1.0	49.0
mBERT	Hebrew	gender_noun	mBERT-rand-r2l	last	-1.0	84.0
mBERT	Hebrew	gender_verb	mBERT-rand-r2l	first	-1.0	46.0
mBERT	Hebrew	gender_verb	mBERT-rand-r2l	last	-1.0	66.5
mBERT	Hebrew	hebbinyan_verb	mBERT-rand-r2l	first	-1.0	14.499999999999998
mBERT	Hebrew	hebbinyan_verb	mBERT-rand-r2l	last	-1.0	27.0
mBERT	Hebrew	number_noun	mBERT-rand-r2l	first	-1.0	48.5
mBERT	Hebrew	number_noun	mBERT-rand-r2l	last	-1.0	84.0
mBERT	Hebrew	number_verb	mBERT-rand-r2l	first	-1.0	53.0
mBERT	Hebrew	number_verb	mBERT-rand-r2l	last	-1.0	90.0
mBERT	Hindi	case_adj	mBERT-rand-r2l	first	-1.0	62.5
mBERT	Hindi	case_adj	mBERT-rand-r2l	last	-1.0	62.0
mBERT	Hindi	case_noun	mBERT-rand-r2l	first	-1.0	48.5
mBERT	Hindi	case_noun	mBERT-rand-r2l	last	-1.0	64.0
mBERT	Hindi	case_propn	mBERT-rand-r2l	first	-1.0	45.5
mBERT	Hindi	case_propn	mBERT-rand-r2l	last	-1.0	53.0
mBERT	Hindi	gender_noun	mBERT-rand-r2l	first	-1.0	46.0
mBERT	Hindi	gender_noun	mBERT-rand-r2l	last	-1.0	71.5
mBERT	Hindi	gender_propn	mBERT-rand-r2l	first	-1.0	49.0
mBERT	Hindi	gender_propn	mBERT-rand-r2l	last	-1.0	56.99999999999999
mBERT	Hindi	number_noun	mBERT-rand-r2l	first	-1.0	52.0
mBERT	Hindi	number_noun	mBERT-rand-r2l	last	-1.0	87.5
mBERT	Hungarian	number[psor]_noun	mBERT-rand-r2l	first	-1.0	50.0
mBERT	Hungarian	number[psor]_noun	mBERT-rand-r2l	last	-1.0	80.5
mBERT	Hungarian	number_noun	mBERT-rand-r2l	first	-1.0	52.5
mBERT	Hungarian	number_noun	mBERT-rand-r2l	last	-1.0	81.0
mBERT	Hungarian	person[psor]_noun	mBERT-rand-r2l	first	-1.0	50.5
mBERT	Hungarian	person[psor]_noun	mBERT-rand-r2l	last	-1.0	79.5
mBERT	Italian	gender_adj	mBERT-rand-r2l	first	-1.0	52.0
mBERT	Italian	gender_adj	mBERT-rand-r2l	last	-1.0	78.0
mBERT	Italian	gender_noun	mBERT-rand-r2l	first	-1.0	51.5
mBERT	Italian	gender_noun	mBERT-rand-r2l	last	-1.0	72.5
mBERT	Italian	number_adj	mBERT-rand-r2l	first	-1.0	49.5
mBERT	Italian	number_adj	mBERT-rand-r2l	last	-1.0	83.0
mBERT	Italian	number_noun	mBERT-rand-r2l	first	-1.0	54.0
mBERT	Italian	number_noun	mBERT-rand-r2l	last	-1.0	78.0
mBERT	Italian	number_verb	mBERT-rand-r2l	first	-1.0	53.0
mBERT	Italian	number_verb	mBERT-rand-r2l	last	-1.0	91.5
mBERT	Italian	person_verb	mBERT-rand-r2l	first	-1.0	35.0
mBERT	Italian	person_verb	mBERT-rand-r2l	last	-1.0	77.0
mBERT	Italian	tense_verb	mBERT-rand-r2l	first	-1.0	23.5
mBERT	Italian	tense_verb	mBERT-rand-r2l	last	-1.0	77.5
mBERT	Italian	verbform_verb	mBERT-rand-r2l	first	-1.0	28.999999999999996
mBERT	Italian	verbform_verb	mBERT-rand-r2l	last	-1.0	81.0
mBERT	Latin	aspect_verb	mBERT-rand-r2l	first	-1.0	51.0
mBERT	Latin	aspect_verb	mBERT-rand-r2l	last	-1.0	99.5
mBERT	Latin	case_verb	mBERT-rand-r2l	first	-1.0	23.0
mBERT	Latin	case_verb	mBERT-rand-r2l	last	-1.0	74.5
mBERT	Latin	gender_adj	mBERT-rand-r2l	first	-1.0	37.5
mBERT	Latin	gender_adj	mBERT-rand-r2l	last	-1.0	58.5
mBERT	Latin	gender_noun	mBERT-rand-r2l	first	-1.0	35.0
mBERT	Latin	gender_noun	mBERT-rand-r2l	last	-1.0	53.5
mBERT	Latin	gender_verb	mBERT-rand-r2l	first	-1.0	34.5
mBERT	Latin	gender_verb	mBERT-rand-r2l	last	-1.0	67.5
mBERT	Latin	mood_verb	mBERT-rand-r2l	first	-1.0	47.0
mBERT	Latin	mood_verb	mBERT-rand-r2l	last	-1.0	72.0
mBERT	Latin	number_adj	mBERT-rand-r2l	first	-1.0	49.5
mBERT	Latin	number_adj	mBERT-rand-r2l	last	-1.0	72.0
mBERT	Latin	number_noun	mBERT-rand-r2l	first	-1.0	50.0
mBERT	Latin	number_noun	mBERT-rand-r2l	last	-1.0	69.0
mBERT	Latin	number_verb	mBERT-rand-r2l	first	-1.0	46.0
mBERT	Latin	number_verb	mBERT-rand-r2l	last	-1.0	86.0
mBERT	Latin	person_verb	mBERT-rand-r2l	first	-1.0	38.5
mBERT	Latin	person_verb	mBERT-rand-r2l	last	-1.0	87.5
mBERT	Latin	tense_verb	mBERT-rand-r2l	first	-1.0	21.0
mBERT	Latin	tense_verb	mBERT-rand-r2l	last	-1.0	64.5
mBERT	Latin	verbform_verb	mBERT-rand-r2l	first	-1.0	21.0
mBERT	Latin	verbform_verb	mBERT-rand-r2l	last	-1.0	76.5
mBERT	Latin	voice_verb	mBERT-rand-r2l	first	-1.0	44.0
mBERT	Latin	voice_verb	mBERT-rand-r2l	last	-1.0	87.5
mBERT	Latvian	case_adj	mBERT-rand-r2l	first	-1.0	23.0
mBERT	Latvian	case_adj	mBERT-rand-r2l	last	-1.0	71.0
mBERT	Latvian	case_noun	mBERT-rand-r2l	first	-1.0	19.0
mBERT	Latvian	case_noun	mBERT-rand-r2l	last	-1.0	70.5
mBERT	Latvian	case_propn	mBERT-rand-r2l	first	-1.0	27.500000000000004
mBERT	Latvian	case_propn	mBERT-rand-r2l	last	-1.0	66.0
mBERT	Latvian	definite_adj	mBERT-rand-r2l	first	-1.0	48.0
mBERT	Latvian	definite_adj	mBERT-rand-r2l	last	-1.0	85.0
mBERT	Latvian	definite_verb	mBERT-rand-r2l	first	-1.0	61.5
mBERT	Latvian	definite_verb	mBERT-rand-r2l	last	-1.0	94.0
mBERT	Latvian	gender_adj	mBERT-rand-r2l	first	-1.0	51.5
mBERT	Latvian	gender_adj	mBERT-rand-r2l	last	-1.0	82.0
mBERT	Latvian	gender_noun	mBERT-rand-r2l	first	-1.0	50.0
mBERT	Latvian	gender_noun	mBERT-rand-r2l	last	-1.0	73.0
mBERT	Latvian	gender_propn	mBERT-rand-r2l	first	-1.0	52.0
mBERT	Latvian	gender_propn	mBERT-rand-r2l	last	-1.0	74.5
mBERT	Latvian	gender_verb	mBERT-rand-r2l	first	-1.0	49.5
mBERT	Latvian	gender_verb	mBERT-rand-r2l	last	-1.0	93.0
mBERT	Latvian	number_adj	mBERT-rand-r2l	first	-1.0	51.5
mBERT	Latvian	number_adj	mBERT-rand-r2l	last	-1.0	81.5
mBERT	Latvian	number_verb	mBERT-rand-r2l	first	-1.0	44.5
mBERT	Latvian	number_verb	mBERT-rand-r2l	last	-1.0	85.0
mBERT	Latvian	person_verb	mBERT-rand-r2l	first	-1.0	45.5
mBERT	Latvian	person_verb	mBERT-rand-r2l	last	-1.0	78.5
mBERT	Latvian	polarity_verb	mBERT-rand-r2l	first	-1.0	50.0
mBERT	Latvian	polarity_verb	mBERT-rand-r2l	last	-1.0	57.99999999999999
mBERT	Latvian	tense_verb	mBERT-rand-r2l	first	-1.0	39.0
mBERT	Latvian	tense_verb	mBERT-rand-r2l	last	-1.0	81.5
mBERT	Latvian	verbform_verb	mBERT-rand-r2l	first	-1.0	26.0
mBERT	Latvian	verbform_verb	mBERT-rand-r2l	last	-1.0	85.0
mBERT	Latvian	voice_verb	mBERT-rand-r2l	first	-1.0	53.0
mBERT	Latvian	voice_verb	mBERT-rand-r2l	last	-1.0	90.0
mBERT	Lithuanian	case_noun	mBERT-rand-r2l	first	-1.0	18.5
mBERT	Lithuanian	case_noun	mBERT-rand-r2l	last	-1.0	73.0
mBERT	Lithuanian	gender_noun	mBERT-rand-r2l	first	-1.0	46.0
mBERT	Lithuanian	gender_noun	mBERT-rand-r2l	last	-1.0	71.5
mBERT	Lithuanian	number_noun	mBERT-rand-r2l	first	-1.0	45.5
mBERT	Lithuanian	number_noun	mBERT-rand-r2l	last	-1.0	78.5
mBERT	Lithuanian	number_verb	mBERT-rand-r2l	first	-1.0	51.0
mBERT	Lithuanian	number_verb	mBERT-rand-r2l	last	-1.0	76.0
mBERT	Norwegian_Bokmal	definite_adj	mBERT-rand-r2l	first	-1.0	57.99999999999999
mBERT	Norwegian_Bokmal	definite_adj	mBERT-rand-r2l	last	-1.0	89.0
mBERT	Norwegian_Bokmal	definite_noun	mBERT-rand-r2l	first	-1.0	59.0
mBERT	Norwegian_Bokmal	definite_noun	mBERT-rand-r2l	last	-1.0	84.5
mBERT	Norwegian_Bokmal	gender_noun	mBERT-rand-r2l	first	-1.0	32.5
mBERT	Norwegian_Bokmal	gender_noun	mBERT-rand-r2l	last	-1.0	63.5
mBERT	Norwegian_Bokmal	number_adj	mBERT-rand-r2l	first	-1.0	51.0
mBERT	Norwegian_Bokmal	number_adj	mBERT-rand-r2l	last	-1.0	76.0
mBERT	Norwegian_Bokmal	number_noun	mBERT-rand-r2l	first	-1.0	52.0
mBERT	Norwegian_Bokmal	number_noun	mBERT-rand-r2l	last	-1.0	82.0
mBERT	Norwegian_Bokmal	tense_verb	mBERT-rand-r2l	first	-1.0	50.0
mBERT	Norwegian_Bokmal	tense_verb	mBERT-rand-r2l	last	-1.0	93.0
mBERT	Norwegian_Bokmal	verbform_verb	mBERT-rand-r2l	first	-1.0	39.5
mBERT	Norwegian_Bokmal	verbform_verb	mBERT-rand-r2l	last	-1.0	80.0
mBERT	Norwegian_Nynorsk	definite_adj	mBERT-rand-r2l	first	-1.0	59.0
mBERT	Norwegian_Nynorsk	definite_adj	mBERT-rand-r2l	last	-1.0	82.0
mBERT	Norwegian_Nynorsk	definite_noun	mBERT-rand-r2l	first	-1.0	57.99999999999999
mBERT	Norwegian_Nynorsk	definite_noun	mBERT-rand-r2l	last	-1.0	83.5
mBERT	Norwegian_Nynorsk	gender_noun	mBERT-rand-r2l	first	-1.0	32.0
mBERT	Norwegian_Nynorsk	gender_noun	mBERT-rand-r2l	last	-1.0	67.0
mBERT	Norwegian_Nynorsk	number_adj	mBERT-rand-r2l	first	-1.0	54.0
mBERT	Norwegian_Nynorsk	number_adj	mBERT-rand-r2l	last	-1.0	77.0
mBERT	Norwegian_Nynorsk	number_noun	mBERT-rand-r2l	first	-1.0	45.5
mBERT	Norwegian_Nynorsk	number_noun	mBERT-rand-r2l	last	-1.0	76.0
mBERT	Norwegian_Nynorsk	tense_verb	mBERT-rand-r2l	first	-1.0	56.00000000000001
mBERT	Norwegian_Nynorsk	tense_verb	mBERT-rand-r2l	last	-1.0	85.0
mBERT	Norwegian_Nynorsk	verbform_verb	mBERT-rand-r2l	first	-1.0	50.5
mBERT	Norwegian_Nynorsk	verbform_verb	mBERT-rand-r2l	last	-1.0	63.5
mBERT	Persian	number_noun	mBERT-rand-r2l	first	-1.0	53.5
mBERT	Persian	number_noun	mBERT-rand-r2l	last	-1.0	81.5
mBERT	Polish	animacy_adj	mBERT-rand-r2l	first	-1.0	63.5
mBERT	Polish	animacy_adj	mBERT-rand-r2l	last	-1.0	71.5
mBERT	Polish	animacy_noun	mBERT-rand-r2l	first	-1.0	32.5
mBERT	Polish	animacy_noun	mBERT-rand-r2l	last	-1.0	44.0
mBERT	Polish	aspect_adj	mBERT-rand-r2l	first	-1.0	48.5
mBERT	Polish	aspect_adj	mBERT-rand-r2l	last	-1.0	77.0
mBERT	Polish	aspect_verb	mBERT-rand-r2l	first	-1.0	59.0
mBERT	Polish	aspect_verb	mBERT-rand-r2l	last	-1.0	66.0
mBERT	Polish	case_adj	mBERT-rand-r2l	first	-1.0	26.0
mBERT	Polish	case_adj	mBERT-rand-r2l	last	-1.0	58.5
mBERT	Polish	case_propn	mBERT-rand-r2l	first	-1.0	29.5
mBERT	Polish	case_propn	mBERT-rand-r2l	last	-1.0	61.5
mBERT	Polish	gender_adj	mBERT-rand-r2l	first	-1.0	38.5
mBERT	Polish	gender_adj	mBERT-rand-r2l	last	-1.0	57.99999999999999
mBERT	Polish	gender_noun	mBERT-rand-r2l	first	-1.0	34.5
mBERT	Polish	gender_noun	mBERT-rand-r2l	last	-1.0	66.0
mBERT	Polish	gender_propn	mBERT-rand-r2l	first	-1.0	40.5
mBERT	Polish	gender_propn	mBERT-rand-r2l	last	-1.0	43.0
mBERT	Polish	gender_verb	mBERT-rand-r2l	first	-1.0	27.0
mBERT	Polish	gender_verb	mBERT-rand-r2l	last	-1.0	93.5
mBERT	Polish	mood_verb	mBERT-rand-r2l	first	-1.0	68.0
mBERT	Polish	mood_verb	mBERT-rand-r2l	last	-1.0	94.0
mBERT	Polish	number_adj	mBERT-rand-r2l	first	-1.0	50.0
mBERT	Polish	number_adj	mBERT-rand-r2l	last	-1.0	80.5
mBERT	Polish	number_noun	mBERT-rand-r2l	first	-1.0	52.0
mBERT	Polish	number_noun	mBERT-rand-r2l	last	-1.0	75.5
mBERT	Polish	number_verb	mBERT-rand-r2l	first	-1.0	51.5
mBERT	Polish	number_verb	mBERT-rand-r2l	last	-1.0	98.5
mBERT	Polish	person_verb	mBERT-rand-r2l	first	-1.0	43.5
mBERT	Polish	person_verb	mBERT-rand-r2l	last	-1.0	97.0
mBERT	Polish	subgender_adj	mBERT-rand-r2l	first	-1.0	59.5
mBERT	Polish	subgender_adj	mBERT-rand-r2l	last	-1.0	59.0
mBERT	Polish	tense_verb	mBERT-rand-r2l	first	-1.0	38.5
mBERT	Polish	tense_verb	mBERT-rand-r2l	last	-1.0	74.0
mBERT	Polish	verbform_verb	mBERT-rand-r2l	first	-1.0	36.0
mBERT	Polish	verbform_verb	mBERT-rand-r2l	last	-1.0	86.0
mBERT	Polish	voice_adj	mBERT-rand-r2l	first	-1.0	54.50000000000001
mBERT	Polish	voice_adj	mBERT-rand-r2l	last	-1.0	99.5
mBERT	Portuguese	gender_noun	mBERT-rand-r2l	first	-1.0	46.0
mBERT	Portuguese	gender_noun	mBERT-rand-r2l	last	-1.0	73.5
mBERT	Portuguese	gender_propn	mBERT-rand-r2l	first	-1.0	52.0
mBERT	Portuguese	gender_propn	mBERT-rand-r2l	last	-1.0	57.49999999999999
mBERT	Portuguese	number_noun	mBERT-rand-r2l	first	-1.0	49.0
mBERT	Portuguese	number_noun	mBERT-rand-r2l	last	-1.0	78.0
mBERT	Portuguese	number_verb	mBERT-rand-r2l	first	-1.0	57.49999999999999
mBERT	Portuguese	number_verb	mBERT-rand-r2l	last	-1.0	98.0
mBERT	Romanian	definite_noun	mBERT-rand-r2l	first	-1.0	54.0
mBERT	Romanian	definite_noun	mBERT-rand-r2l	last	-1.0	80.0
mBERT	Romanian	gender_adj	mBERT-rand-r2l	first	-1.0	46.5
mBERT	Romanian	gender_adj	mBERT-rand-r2l	last	-1.0	86.0
mBERT	Romanian	gender_noun	mBERT-rand-r2l	first	-1.0	49.5
mBERT	Romanian	gender_noun	mBERT-rand-r2l	last	-1.0	77.5
mBERT	Romanian	mood_verb	mBERT-rand-r2l	first	-1.0	57.49999999999999
mBERT	Romanian	mood_verb	mBERT-rand-r2l	last	-1.0	69.0
mBERT	Romanian	number_adj	mBERT-rand-r2l	first	-1.0	49.0
mBERT	Romanian	number_adj	mBERT-rand-r2l	last	-1.0	76.5
mBERT	Romanian	number_noun	mBERT-rand-r2l	first	-1.0	49.0
mBERT	Romanian	number_noun	mBERT-rand-r2l	last	-1.0	84.5
mBERT	Romanian	number_verb	mBERT-rand-r2l	first	-1.0	52.5
mBERT	Romanian	number_verb	mBERT-rand-r2l	last	-1.0	87.5
mBERT	Romanian	person_verb	mBERT-rand-r2l	first	-1.0	37.5
mBERT	Romanian	person_verb	mBERT-rand-r2l	last	-1.0	70.5
mBERT	Romanian	tense_verb	mBERT-rand-r2l	first	-1.0	33.0
mBERT	Romanian	tense_verb	mBERT-rand-r2l	last	-1.0	76.0
mBERT	Romanian	verbform_verb	mBERT-rand-r2l	first	-1.0	28.499999999999996
mBERT	Romanian	verbform_verb	mBERT-rand-r2l	last	-1.0	78.0
mBERT	Russian	animacy_adj	mBERT-rand-r2l	first	-1.0	53.5
mBERT	Russian	animacy_adj	mBERT-rand-r2l	last	-1.0	61.5
mBERT	Russian	animacy_noun	mBERT-rand-r2l	first	-1.0	46.0
mBERT	Russian	animacy_noun	mBERT-rand-r2l	last	-1.0	65.5
mBERT	Russian	animacy_propn	mBERT-rand-r2l	first	-1.0	55.00000000000001
mBERT	Russian	animacy_propn	mBERT-rand-r2l	last	-1.0	60.0
mBERT	Russian	aspect_verb	mBERT-rand-r2l	first	-1.0	56.99999999999999
mBERT	Russian	aspect_verb	mBERT-rand-r2l	last	-1.0	71.5
mBERT	Russian	case_adj	mBERT-rand-r2l	first	-1.0	22.0
mBERT	Russian	case_adj	mBERT-rand-r2l	last	-1.0	60.0
mBERT	Russian	case_noun	mBERT-rand-r2l	first	-1.0	23.5
mBERT	Russian	case_noun	mBERT-rand-r2l	last	-1.0	49.0
mBERT	Russian	case_propn	mBERT-rand-r2l	first	-1.0	21.5
mBERT	Russian	case_propn	mBERT-rand-r2l	last	-1.0	48.0
mBERT	Russian	case_verb	mBERT-rand-r2l	first	-1.0	14.499999999999998
mBERT	Russian	case_verb	mBERT-rand-r2l	last	-1.0	60.5
mBERT	Russian	gender_adj	mBERT-rand-r2l	first	-1.0	36.5
mBERT	Russian	gender_adj	mBERT-rand-r2l	last	-1.0	78.5
mBERT	Russian	gender_noun	mBERT-rand-r2l	first	-1.0	31.0
mBERT	Russian	gender_noun	mBERT-rand-r2l	last	-1.0	59.5
mBERT	Russian	gender_propn	mBERT-rand-r2l	first	-1.0	37.0
mBERT	Russian	gender_propn	mBERT-rand-r2l	last	-1.0	41.5
mBERT	Russian	gender_verb	mBERT-rand-r2l	first	-1.0	35.0
mBERT	Russian	gender_verb	mBERT-rand-r2l	last	-1.0	82.0
mBERT	Russian	mood_verb	mBERT-rand-r2l	first	-1.0	59.0
mBERT	Russian	mood_verb	mBERT-rand-r2l	last	-1.0	87.0
mBERT	Russian	number_adj	mBERT-rand-r2l	first	-1.0	52.0
mBERT	Russian	number_adj	mBERT-rand-r2l	last	-1.0	89.5
mBERT	Russian	number_noun	mBERT-rand-r2l	first	-1.0	49.0
mBERT	Russian	number_noun	mBERT-rand-r2l	last	-1.0	77.5
mBERT	Russian	number_verb	mBERT-rand-r2l	first	-1.0	49.0
mBERT	Russian	number_verb	mBERT-rand-r2l	last	-1.0	87.0
mBERT	Russian	person_verb	mBERT-rand-r2l	first	-1.0	41.0
mBERT	Russian	person_verb	mBERT-rand-r2l	last	-1.0	91.5
mBERT	Russian	tense_verb	mBERT-rand-r2l	first	-1.0	34.0
mBERT	Russian	tense_verb	mBERT-rand-r2l	last	-1.0	77.5
mBERT	Russian	verbform_verb	mBERT-rand-r2l	first	-1.0	26.5
mBERT	Russian	verbform_verb	mBERT-rand-r2l	last	-1.0	86.5
mBERT	Russian	voice_verb	mBERT-rand-r2l	first	-1.0	35.5
mBERT	Russian	voice_verb	mBERT-rand-r2l	last	-1.0	81.0
mBERT	Serbian	case_noun	mBERT-rand-r2l	first	-1.0	19.5
mBERT	Serbian	case_noun	mBERT-rand-r2l	last	-1.0	46.5
mBERT	Serbian	gender_adj	mBERT-rand-r2l	first	-1.0	39.5
mBERT	Serbian	gender_adj	mBERT-rand-r2l	last	-1.0	60.0
mBERT	Serbian	gender_noun	mBERT-rand-r2l	first	-1.0	34.0
mBERT	Serbian	gender_noun	mBERT-rand-r2l	last	-1.0	61.5
mBERT	Serbian	number_adj	mBERT-rand-r2l	first	-1.0	52.5
mBERT	Serbian	number_adj	mBERT-rand-r2l	last	-1.0	81.0
mBERT	Serbian	number_noun	mBERT-rand-r2l	first	-1.0	47.5
mBERT	Serbian	number_noun	mBERT-rand-r2l	last	-1.0	72.0
mBERT	Serbian	number_verb	mBERT-rand-r2l	first	-1.0	49.5
mBERT	Serbian	number_verb	mBERT-rand-r2l	last	-1.0	85.5
mBERT	Slovak	animacy_adj	mBERT-rand-r2l	first	-1.0	53.0
mBERT	Slovak	animacy_adj	mBERT-rand-r2l	last	-1.0	64.0
mBERT	Slovak	animacy_noun	mBERT-rand-r2l	first	-1.0	50.0
mBERT	Slovak	animacy_noun	mBERT-rand-r2l	last	-1.0	65.0
mBERT	Slovak	aspect_verb	mBERT-rand-r2l	first	-1.0	51.0
mBERT	Slovak	aspect_verb	mBERT-rand-r2l	last	-1.0	74.5
mBERT	Slovak	case_noun	mBERT-rand-r2l	first	-1.0	27.500000000000004
mBERT	Slovak	case_noun	mBERT-rand-r2l	last	-1.0	51.5
mBERT	Slovak	gender_adj	mBERT-rand-r2l	first	-1.0	28.499999999999996
mBERT	Slovak	gender_adj	mBERT-rand-r2l	last	-1.0	62.5
mBERT	Slovak	gender_noun	mBERT-rand-r2l	first	-1.0	30.0
mBERT	Slovak	gender_noun	mBERT-rand-r2l	last	-1.0	58.5
mBERT	Slovak	gender_verb	mBERT-rand-r2l	first	-1.0	35.0
mBERT	Slovak	gender_verb	mBERT-rand-r2l	last	-1.0	78.0
mBERT	Slovak	number_adj	mBERT-rand-r2l	first	-1.0	48.0
mBERT	Slovak	number_adj	mBERT-rand-r2l	last	-1.0	88.0
mBERT	Slovak	number_noun	mBERT-rand-r2l	first	-1.0	53.0
mBERT	Slovak	number_noun	mBERT-rand-r2l	last	-1.0	76.0
mBERT	Slovak	number_verb	mBERT-rand-r2l	first	-1.0	53.0
mBERT	Slovak	number_verb	mBERT-rand-r2l	last	-1.0	91.5
mBERT	Slovak	tense_verb	mBERT-rand-r2l	first	-1.0	48.0
mBERT	Slovak	tense_verb	mBERT-rand-r2l	last	-1.0	93.0
mBERT	Slovak	verbform_verb	mBERT-rand-r2l	first	-1.0	31.5
mBERT	Slovak	verbform_verb	mBERT-rand-r2l	last	-1.0	93.0
mBERT	Slovenian	aspect_verb	mBERT-rand-r2l	first	-1.0	50.0
mBERT	Slovenian	aspect_verb	mBERT-rand-r2l	last	-1.0	68.0
mBERT	Slovenian	case_adj	mBERT-rand-r2l	first	-1.0	17.5
mBERT	Slovenian	case_adj	mBERT-rand-r2l	last	-1.0	61.0
mBERT	Slovenian	case_noun	mBERT-rand-r2l	first	-1.0	18.5
mBERT	Slovenian	case_noun	mBERT-rand-r2l	last	-1.0	48.0
mBERT	Slovenian	gender_adj	mBERT-rand-r2l	first	-1.0	38.0
mBERT	Slovenian	gender_adj	mBERT-rand-r2l	last	-1.0	53.5
mBERT	Slovenian	gender_noun	mBERT-rand-r2l	first	-1.0	39.5
mBERT	Slovenian	gender_noun	mBERT-rand-r2l	last	-1.0	66.5
mBERT	Slovenian	number_adj	mBERT-rand-r2l	first	-1.0	56.99999999999999
mBERT	Slovenian	number_adj	mBERT-rand-r2l	last	-1.0	77.5
mBERT	Slovenian	person_verb	mBERT-rand-r2l	first	-1.0	41.5
mBERT	Slovenian	person_verb	mBERT-rand-r2l	last	-1.0	93.5
mBERT	Slovenian	verbform_verb	mBERT-rand-r2l	first	-1.0	34.0
mBERT	Slovenian	verbform_verb	mBERT-rand-r2l	last	-1.0	93.0
mBERT	Spanish	gender_adj	mBERT-rand-r2l	first	-1.0	48.0
mBERT	Spanish	gender_adj	mBERT-rand-r2l	last	-1.0	86.0
mBERT	Spanish	gender_noun	mBERT-rand-r2l	first	-1.0	51.5
mBERT	Spanish	gender_noun	mBERT-rand-r2l	last	-1.0	77.5
mBERT	Spanish	number_adj	mBERT-rand-r2l	first	-1.0	53.5
mBERT	Spanish	number_adj	mBERT-rand-r2l	last	-1.0	89.5
mBERT	Spanish	number_noun	mBERT-rand-r2l	first	-1.0	51.0
mBERT	Spanish	number_noun	mBERT-rand-r2l	last	-1.0	82.0
mBERT	Spanish	number_verb	mBERT-rand-r2l	first	-1.0	50.5
mBERT	Spanish	number_verb	mBERT-rand-r2l	last	-1.0	92.5
mBERT	Spanish	tense_verb	mBERT-rand-r2l	first	-1.0	26.0
mBERT	Spanish	tense_verb	mBERT-rand-r2l	last	-1.0	79.0
mBERT	Spanish	verbform_verb	mBERT-rand-r2l	first	-1.0	27.500000000000004
mBERT	Spanish	verbform_verb	mBERT-rand-r2l	last	-1.0	83.0
mBERT	Swedish	case_noun	mBERT-rand-r2l	first	-1.0	50.0
mBERT	Swedish	case_noun	mBERT-rand-r2l	last	-1.0	88.0
mBERT	Swedish	definite_adj	mBERT-rand-r2l	first	-1.0	50.0
mBERT	Swedish	definite_adj	mBERT-rand-r2l	last	-1.0	78.0
mBERT	Swedish	definite_noun	mBERT-rand-r2l	first	-1.0	52.0
mBERT	Swedish	definite_noun	mBERT-rand-r2l	last	-1.0	82.5
mBERT	Swedish	gender_noun	mBERT-rand-r2l	first	-1.0	48.5
mBERT	Swedish	gender_noun	mBERT-rand-r2l	last	-1.0	75.5
mBERT	Swedish	number_adj	mBERT-rand-r2l	first	-1.0	52.5
mBERT	Swedish	number_adj	mBERT-rand-r2l	last	-1.0	75.0
mBERT	Swedish	number_noun	mBERT-rand-r2l	first	-1.0	49.5
mBERT	Swedish	number_noun	mBERT-rand-r2l	last	-1.0	77.0
mBERT	Swedish	tense_verb	mBERT-rand-r2l	first	-1.0	50.5
mBERT	Swedish	tense_verb	mBERT-rand-r2l	last	-1.0	90.5
mBERT	Swedish	voice_verb	mBERT-rand-r2l	first	-1.0	54.0
mBERT	Swedish	voice_verb	mBERT-rand-r2l	last	-1.0	90.0
mBERT	Turkish	aspect_verb	mBERT-rand-r2l	first	-1.0	35.0
mBERT	Turkish	aspect_verb	mBERT-rand-r2l	last	-1.0	85.0
mBERT	Turkish	case_noun	mBERT-rand-r2l	first	-1.0	16.5
mBERT	Turkish	case_noun	mBERT-rand-r2l	last	-1.0	78.0
mBERT	Turkish	number_noun	mBERT-rand-r2l	first	-1.0	52.0
mBERT	Turkish	number_noun	mBERT-rand-r2l	last	-1.0	95.0
mBERT	Turkish	number_verb	mBERT-rand-r2l	first	-1.0	49.5
mBERT	Turkish	number_verb	mBERT-rand-r2l	last	-1.0	92.0
mBERT	Turkish	person_verb	mBERT-rand-r2l	first	-1.0	46.5
mBERT	Turkish	person_verb	mBERT-rand-r2l	last	-1.0	88.5
mBERT	Turkish	polarity_verb	mBERT-rand-r2l	first	-1.0	50.0
mBERT	Turkish	polarity_verb	mBERT-rand-r2l	last	-1.0	63.0
mBERT	Turkish	verbform_verb	mBERT-rand-r2l	first	-1.0	34.5
mBERT	Turkish	verbform_verb	mBERT-rand-r2l	last	-1.0	89.5
mBERT	Ukrainian	animacy_noun	mBERT-rand-r2l	first	-1.0	51.0
mBERT	Ukrainian	animacy_noun	mBERT-rand-r2l	last	-1.0	66.5
mBERT	Ukrainian	aspect_verb	mBERT-rand-r2l	first	-1.0	51.5
mBERT	Ukrainian	aspect_verb	mBERT-rand-r2l	last	-1.0	69.5
mBERT	Ukrainian	case_adj	mBERT-rand-r2l	first	-1.0	20.5
mBERT	Ukrainian	case_adj	mBERT-rand-r2l	last	-1.0	73.0
mBERT	Ukrainian	case_noun	mBERT-rand-r2l	first	-1.0	26.0
mBERT	Ukrainian	case_noun	mBERT-rand-r2l	last	-1.0	54.50000000000001
mBERT	Ukrainian	gender_adj	mBERT-rand-r2l	first	-1.0	28.000000000000004
mBERT	Ukrainian	gender_adj	mBERT-rand-r2l	last	-1.0	70.5
mBERT	Ukrainian	gender_noun	mBERT-rand-r2l	first	-1.0	34.0
mBERT	Ukrainian	gender_noun	mBERT-rand-r2l	last	-1.0	61.0
mBERT	Ukrainian	number_adj	mBERT-rand-r2l	first	-1.0	47.0
mBERT	Ukrainian	number_adj	mBERT-rand-r2l	last	-1.0	89.5
mBERT	Ukrainian	number_verb	mBERT-rand-r2l	first	-1.0	48.0
mBERT	Ukrainian	number_verb	mBERT-rand-r2l	last	-1.0	95.0
mBERT	Ukrainian	tense_verb	mBERT-rand-r2l	first	-1.0	32.0
mBERT	Ukrainian	tense_verb	mBERT-rand-r2l	last	-1.0	73.0
mBERT	Urdu	case_noun	mBERT-rand-r2l	first	-1.0	45.5
mBERT	Urdu	case_noun	mBERT-rand-r2l	last	-1.0	51.0
mBERT	Urdu	case_propn	mBERT-rand-r2l	first	-1.0	45.0
mBERT	Urdu	case_propn	mBERT-rand-r2l	last	-1.0	59.0
mBERT	Urdu	gender_noun	mBERT-rand-r2l	first	-1.0	62.5
mBERT	Urdu	gender_noun	mBERT-rand-r2l	last	-1.0	68.0
mBERT	Urdu	number_noun	mBERT-rand-r2l	first	-1.0	44.5
mBERT	Urdu	number_noun	mBERT-rand-r2l	last	-1.0	84.0
